Student_ID,Study_Hours,Attendance,Previous_Marks,Assignment_Score,Internal_Marks,Sleep_Hours,Internet_Hours,Family_Support,Extracurricular,Performance
STU_1001,3.7,51.1,48.3,13.5,17.2,6.4,6.5,Low,No,Medium
STU_1002,9.5,72.5,47.3,15.9,24.2,6.8,1.7,Low,No,High
STU_1003,7.3,92.4,93.4,5.0,22.8,9.1,8.7,High,Yes,High
STU_1004,6.0,83.9,47.5,12.5,4.6,6.0,6.1,High,No,Medium
STU_1005,1.6,88.4,49.0,11.4,4.5,9.2,1.6,Medium,No,Low
STU_1006,1.6,79.5,83.2,16.7,8.0,4.5,9.6,Medium,Yes,Medium
STU_1007,0.6,81.5,61.5,18.1,10.8,8.7,5.2,Medium,No,Medium
STU_1008,8.7,91.0,84.4,0.2,12.3,9.1,0.7,Low,Yes,Medium
STU_1009,6.0,55.0,34.6,13.5,20.4,5.1,6.3,Low,No,Medium
STU_1010,7.1,69.4,64.1,1.0,1.7,6.6,2.5,Low,Yes,Low
STU_1011,0.2,53.3,32.4,11.0,1.0,5.0,8.0,Medium,No,Low
STU_1012,9.7,99.3,34.4,5.8,11.8,8.2,8.2,High,Yes,Medium
STU_1013,8.3,96.6,93.5,6.1,20.9,7.2,9.8,Medium,No,High
STU_1014,2.1,42.4,39.7,7.1,5.8,7.8,5.0,Low,Yes,Low
STU_1015,1.8,82.3,67.3,12.4,19.2,5.2,4.5,Medium,No,Medium
STU_1016,,95.5,58.8,6.7,7.8,5.3,7.5,High,No,Low
STU_1017,3.0,50.8,54.3,14.7,26.6,4.2,1.3,Low,No,Medium
STU_1018,5.2,74.1,93.0,8.1,26.9,5.9,5.5,Low,No,High
STU_1019,4.3,94.9,31.5,1.4,8.9,7.4,5.5,Medium,No,Low
STU_1020,2.9,42.0,76.5,15.7,6.9,9.1,0.9,Medium,No,Medium
STU_1021,6.1,81.8,97.4,5.7,12.3,8.0,4.2,Medium,No,Medium
STU_1022,1.4,57.8,69.2,8.7,7.2,6.6,8.5,High,No,Low
STU_1023,2.9,95.5,95.6,13.7,20.2,9.7,8.6,High,No,Medium
STU_1024,3.7,98.3,33.7,6.6,24.8,8.3,1.0,High,Yes,Medium
STU_1025,4.6,96.7,59.3,1.1,20.2,9.6,0.9,Medium,Yes,Medium
STU_1026,7.9,68.5,48.2,7.5,24.7,7.2,2.6,Medium,Yes,Medium
STU_1027,2.0,91.7,81.2,18.9,11.9,5.6,8.7,Low,No,Medium
STU_1028,5.1,90.7,98.7,12.8,4.7,4.3,1.3,High,Yes,Medium
STU_1029,5.9,59.1,48.0,13.4,22.1,8.4,7.2,Medium,No,High
STU_1030,0.5,89.7,75.8,12.6,10.8,4.7,1.0,Low,No,Low
STU_1031,6.1,42.2,43.9,4.0,20.1,5.8,6.2,Medium,Yes,Low
STU_1032,1.7,75.8,69.6,8.4,8.1,7.2,3.6,Medium,No,Medium
STU_1033,0.7,53.8,62.5,15.0,2.4,7.4,7.9,Medium,Yes,Low
STU_1034,9.5,47.2,98.0,2.0,29.8,7.6,2.3,Medium,Yes,High
STU_1035,9.7,44.6,72.6,5.6,4.7,5.0,6.4,Medium,No,Medium
STU_1036,8.1,81.8,54.5,5.5,29.7,6.3,2.4,High,Yes,High
STU_1037,3.0,60.4,38.0,8.6,29.3,7.7,7.1,Medium,Yes,Medium
STU_1038,1.0,83.5,40.6,19.6,23.8,9.8,8.7,Medium,No,Low
STU_1039,6.8,43.9,45.8,1.4,19.8,8.4,1.3,Medium,Yes,Medium
STU_1040,4.4,58.9,47.6,10.4,17.3,9.5,8.7,Medium,No,Medium
STU_1041,1.2,72.4,89.5,3.6,26.0,8.6,5.9,High,No,Medium
STU_1042,5.0,87.4,69.3,19.4,8.7,7.6,1.3,Medium,Yes,High
STU_1043,0.3,59.1,66.6,2.3,14.0,5.2,4.3,Medium,Yes,Low
STU_1044,9.1,77.6,38.0,8.1,18.6,8.0,1.6,Low,No,Medium
STU_1045,,93.2,90.2,14.8,12.3,7.7,7.0,High,No,Medium
STU_1046,6.6,77.0,80.6,14.1,12.8,7.6,7.6,Medium,Yes,Medium
STU_1047,3.1,54.0,34.7,8.5,9.9,6.9,1.1,Medium,No,Low
STU_1048,5.2,41.5,79.5,6.9,16.9,7.2,5.1,Low,Yes,Medium
STU_1049,5.5,92.2,68.0,8.0,25.5,6.0,8.1,Low,No,Medium
STU_1050,1.8,41.3,35.7,5.3,6.0,7.1,9.4,Medium,Yes,Low
STU_1051,9.7,92.5,62.1,4.1,28.0,5.2,5.1,High,Yes,High
STU_1052,7.8,71.7,63.9,9.7,20.7,8.8,9.5,Medium,Yes,High
STU_1053,9.4,96.3,41.6,5.4,24.7,5.1,5.4,High,No,Low
STU_1054,8.9,87.9,96.2,5.7,16.7,4.5,3.9,Medium,No,High
STU_1055,6.0,99.9,89.5,13.1,23.4,6.6,8.5,Medium,No,High
STU_1056,9.2,61.0,76.8,19.4,0.5,7.9,4.9,Low,Yes,Medium
STU_1057,0.9,86.0,62.4,12.1,24.6,6.6,4.7,High,Yes,Medium
STU_1058,2.0,64.1,58.8,1.5,1.2,5.7,4.9,Low,Yes,Low
STU_1059,0.5,68.8,75.6,1.5,26.7,7.3,8.5,High,No,Medium
STU_1060,3.3,77.7,68.2,19.0,29.8,6.1,8.3,High,No,Medium
STU_1061,3.9,92.4,34.4,5.9,8.8,9.6,4.0,High,No,Medium
STU_1062,2.7,99.0,65.9,1.8,6.3,9.5,3.3,Medium,Yes,Low
STU_1063,8.3,86.1,86.4,12.0,23.0,7.0,4.9,Medium,No,High
STU_1064,3.6,65.1,62.1,12.5,7.6,6.0,5.7,High,Yes,Medium
STU_1065,2.8,65.3,33.6,13.0,26.0,8.4,2.4,Low,No,Low
STU_1066,5.4,84.3,85.0,5.3,3.1,4.2,7.9,Medium,Yes,Medium
STU_1067,1.4,54.3,44.1,0.3,3.8,6.8,4.9,Low,No,Low
STU_1068,8.0,46.6,48.1,19.3,29.4,6.0,3.3,Medium,Yes,Medium
STU_1069,0.7,61.3,41.5,5.0,20.2,9.5,1.1,Low,Yes,Low
STU_1070,9.9,57.2,53.1,13.5,25.4,4.1,2.4,Low,No,Medium
STU_1071,7.7,57.8,83.0,14.1,9.7,7.3,9.5,Medium,Yes,Medium
STU_1072,2.0,54.0,66.4,12.2,20.3,8.4,3.1,Medium,Yes,Medium
STU_1073,0.1,42.5,44.3,6.3,17.8,6.9,1.7,Medium,No,Low
STU_1074,8.2,41.1,91.4,5.4,18.1,4.5,4.6,Low,No,Medium
STU_1075,7.1,99.3,91.6,12.0,20.5,9.8,3.1,Medium,No,High
STU_1076,7.3,65.7,90.9,17.3,17.3,7.1,0.4,Low,Yes,Medium
STU_1077,7.7,63.1,46.7,18.9,12.9,7.7,3.2,Medium,No,Medium
STU_1078,0.7,80.8,61.6,2.1,8.3,5.4,5.4,Medium,No,Low
STU_1079,3.6,53.1,98.9,3.1,23.1,6.9,5.5,Medium,Yes,High
STU_1080,1.2,97.0,84.0,18.9,6.8,6.6,3.6,Medium,No,Medium
STU_1081,8.6,87.2,31.9,14.7,20.8,4.4,4.5,Medium,Yes,High
STU_1082,6.2,45.4,34.6,17.7,7.0,4.6,9.7,High,Yes,Medium
STU_1083,3.3,65.1,62.5,4.1,18.8,9.0,3.8,Medium,Yes,Low
STU_1084,0.6,92.7,93.6,11.8,22.4,5.4,2.6,Medium,Yes,Medium
STU_1085,3.1,96.7,67.7,14.0,6.6,5.2,2.4,Medium,No,Medium
STU_1086,3.3,68.0,64.8,13.6,1.8,7.0,4.6,Low,No,Medium
STU_1087,7.3,76.8,37.4,8.2,3.9,8.6,7.6,Medium,No,Medium
STU_1088,6.4,50.0,76.0,0.3,18.2,4.4,2.1,Medium,No,Medium
STU_1089,8.9,99.5,87.5,11.7,25.5,7.5,7.1,Medium,Yes,High
STU_1090,4.7,53.9,56.6,5.1,1.3,4.7,0.2,Low,No,Low
STU_1091,1.2,96.6,84.3,9.0,22.0,4.2,4.2,Low,No,Medium
STU_1092,7.1,79.0,97.5,19.2,10.2,4.3,7.8,High,Yes,High
STU_1093,7.6,76.5,44.3,8.0,14.4,9.0,3.4,Medium,No,Medium
STU_1094,5.6,70.8,66.6,16.8,27.9,4.7,5.6,Low,No,Medium
STU_1095,7.7,53.8,50.1,3.8,10.0,4.3,2.0,Medium,No,Medium
STU_1096,4.9,50.6,85.5,13.4,14.0,6.6,7.4,Medium,No,Medium
STU_1097,5.2,53.2,70.4,19.5,0.4,9.1,0.5,High,Yes,Medium
STU_1098,4.3,51.2,74.4,2.0,2.4,5.6,8.5,Low,Yes,Low
STU_1099,0.3,86.8,85.9,0.2,7.8,6.5,2.0,Low,Yes,Low
STU_1100,1.1,61.0,57.7,8.7,0.8,4.2,8.7,High,No,Low
STU_1101,0.3,43.5,94.1,1.9,18.9,6.7,3.5,Low,No,Low
STU_1102,6.4,98.1,67.3,15.0,12.8,7.5,7.2,Low,No,Medium
STU_1103,3.1,93.0,41.1,18.3,16.4,7.4,3.2,High,Yes,Medium
STU_1104,5.1,95.7,78.7,8.7,5.2,6.0,9.1,Medium,Yes,Medium
STU_1105,9.1,99.7,,5.2,8.9,5.9,1.3,Medium,No,Medium
STU_1106,2.5,50.4,52.2,8.7,19.9,4.6,1.8,Low,No,Medium
STU_1107,4.1,63.8,90.0,14.5,29.0,6.2,4.9,Low,Yes,High
STU_1108,7.6,85.5,93.4,0.2,1.5,4.6,0.8,Low,No,Medium
STU_1109,2.3,81.8,49.4,11.8,26.7,8.6,2.0,High,No,Medium
STU_1110,0.8,49.2,98.8,12.3,17.3,9.8,9.4,Medium,No,Medium
STU_1111,2.9,88.9,39.8,12.8,16.9,9.8,9.8,Medium,No,Medium
STU_1112,1.6,53.5,44.1,4.8,15.0,9.2,3.8,High,Yes,Low
STU_1113,9.3,53.4,42.9,14.3,2.1,7.6,9.2,Medium,No,Medium
STU_1114,8.1,72.2,92.6,1.8,2.7,8.2,5.4,Low,No,Medium
STU_1115,6.3,75.6,75.8,4.0,18.0,5.7,2.7,Medium,Yes,Medium
STU_1116,8.7,74.8,40.6,17.5,10.2,7.8,7.0,High,Yes,Medium
STU_1117,8.0,45.5,60.8,14.8,27.5,6.7,6.6,High,No,Medium
STU_1118,1.9,92.6,73.1,0.3,12.2,6.9,9.9,Low,Yes,Low
STU_1119,8.9,55.9,35.8,5.0,4.3,8.5,2.7,Medium,Yes,Low
STU_1120,5.4,47.8,91.8,4.3,21.4,5.7,6.7,Medium,No,High
STU_1121,8.1,93.3,86.3,5.4,8.8,5.9,0.5,High,Yes,Medium
STU_1122,9.0,97.3,65.4,5.0,15.8,9.5,1.1,Low,No,High
STU_1123,3.2,91.7,97.7,1.3,20.9,4.3,0.0,Medium,Yes,High
STU_1124,1.1,88.6,59.2,9.2,27.0,6.9,10.0,High,No,Medium
STU_1125,2.3,79.3,98.9,14.7,23.8,9.5,8.0,Medium,Yes,Medium
STU_1126,4.3,73.1,76.8,12.1,20.3,7.7,7.9,Medium,Yes,Medium
STU_1127,8.2,45.2,74.4,13.5,20.4,7.3,5.1,Low,Yes,High
STU_1128,8.6,64.5,41.6,1.6,28.4,5.5,3.0,Medium,No,Medium
STU_1129,0.1,62.4,91.7,19.0,8.9,6.1,1.5,Medium,No,Medium
STU_1130,5.1,55.6,59.9,16.8,0.0,9.1,2.8,High,Yes,Medium
STU_1131,4.2,83.4,41.4,16.1,8.2,7.4,3.8,Medium,No,Low
STU_1132,2.2,69.8,30.9,16.5,6.5,7.1,7.6,Medium,No,Low
STU_1133,1.2,44.9,69.2,18.7,19.9,4.6,5.4,Medium,No,Medium
STU_1134,3.4,53.2,66.9,10.9,19.0,4.1,0.8,Low,Yes,Low
STU_1135,9.4,81.0,80.4,4.0,17.8,9.8,0.2,Medium,No,High
STU_1136,3.2,44.6,92.3,12.3,0.5,6.3,1.0,Medium,Yes,High
STU_1137,5.2,91.1,35.6,14.9,21.9,7.6,4.1,High,Yes,Medium
STU_1138,7.0,69.7,81.2,14.8,9.7,4.5,9.3,Medium,No,Medium
STU_1139,3.6,68.8,43.1,10.4,20.0,8.1,6.4,Medium,No,Medium
STU_1140,9.7,75.5,90.1,1.4,16.7,9.6,8.0,Low,Yes,High
STU_1141,9.6,89.5,87.3,7.4,10.3,7.5,4.7,High,Yes,High
STU_1142,2.5,60.9,67.9,18.4,4.0,4.8,3.6,Low,No,Medium
STU_1143,5.0,80.7,79.7,11.7,2.8,7.5,1.1,High,No,Medium
STU_1144,3.0,73.9,52.0,10.8,24.9,8.6,8.8,Medium,Yes,Medium
STU_1145,2.8,56.0,63.0,5.4,27.6,6.4,7.8,High,No,Medium
STU_1146,0.4,92.7,87.5,7.4,19.5,9.3,1.7,Medium,Yes,Medium
STU_1147,6.1,87.8,62.1,17.9,3.1,7.9,5.1,High,Yes,Medium
STU_1148,5.0,79.5,,13.3,12.1,9.4,4.9,Low,No,Medium
STU_1149,0.5,91.0,64.6,15.7,21.9,7.7,6.3,Medium,Yes,Medium
STU_1150,2.8,92.0,88.0,9.1,23.4,4.8,9.5,Medium,Yes,Medium
STU_1151,9.1,82.5,53.5,12.6,3.5,5.9,5.8,High,No,Medium
STU_1152,2.4,90.2,42.2,5.0,0.0,5.2,5.4,Low,No,Low
STU_1153,1.4,81.8,79.8,14.1,21.4,9.5,0.5,High,Yes,Medium
STU_1154,4.9,80.8,87.8,8.6,10.7,8.6,0.6,High,No,Medium
STU_1155,9.9,77.1,37.0,8.9,7.6,8.1,1.9,Medium,,Medium
STU_1156,2.4,85.2,46.8,13.0,0.4,5.8,0.3,High,Yes,Low
STU_1157,6.7,49.5,39.9,18.7,16.2,5.1,7.4,Medium,No,Medium
STU_1158,7.6,92.9,54.4,1.3,25.5,8.5,7.2,Medium,Yes,Medium
STU_1159,2.4,92.3,61.5,16.5,28.7,6.8,1.4,Medium,,Medium
STU_1160,7.3,41.8,82.4,5.8,17.0,5.4,8.4,Medium,No,Medium
STU_1161,3.7,89.5,75.6,8.9,15.4,7.7,1.5,Medium,No,Low
STU_1162,6.3,47.7,73.5,0.4,2.6,4.2,3.0,Medium,Yes,Low
STU_1163,6.3,60.1,54.7,6.0,16.5,6.0,2.5,Medium,Yes,Medium
STU_1164,5.4,84.6,88.9,10.1,11.4,6.8,3.7,Medium,No,Medium
STU_1165,0.9,49.6,63.0,1.1,18.2,4.9,2.5,Medium,Yes,Low
STU_1166,8.4,89.1,98.5,9.8,11.7,9.9,4.9,Low,Yes,High
STU_1167,3.2,89.9,74.4,18.5,7.2,5.3,4.1,High,Yes,Medium
STU_1168,1.9,70.4,38.8,2.1,2.8,4.8,9.9,Medium,No,Low
STU_1169,0.4,40.4,77.3,15.3,9.4,5.2,0.6,Medium,Yes,Low
STU_1170,5.9,57.2,52.8,8.2,2.9,8.6,1.4,Low,Yes,Medium
STU_1171,6.8,77.0,78.0,13.1,5.3,6.6,0.5,Medium,No,Medium
STU_1172,0.2,98.9,34.9,5.2,29.6,7.4,6.3,High,No,Medium
STU_1173,5.1,77.9,42.2,3.2,13.3,4.1,0.5,Medium,No,Medium
STU_1174,2.3,55.6,89.9,3.2,16.0,4.2,8.4,Medium,Yes,Medium
STU_1175,6.5,78.0,45.9,1.4,26.2,6.7,5.1,Low,No,Medium
STU_1176,1.7,72.4,88.6,3.7,29.9,8.9,5.3,Medium,Yes,High
STU_1177,6.9,86.8,49.5,13.3,17.5,9.3,5.6,High,Yes,Medium
STU_1178,3.9,46.4,75.0,17.6,24.4,4.5,1.7,High,No,Medium
STU_1179,9.4,85.7,78.6,16.3,9.8,7.2,2.0,Low,Yes,High
STU_1180,1.4,72.5,65.9,13.7,9.2,9.5,3.2,Medium,Yes,Low
STU_1181,3.4,97.8,51.4,2.2,12.1,6.3,5.9,Low,Yes,Low
STU_1182,1.1,60.5,44.9,5.8,20.2,9.0,2.1,Medium,Yes,Low
STU_1183,9.2,78.0,32.3,6.2,20.5,4.8,1.2,High,Yes,Medium
STU_1184,8.8,95.9,51.3,5.0,9.5,9.6,9.7,High,No,Medium
STU_1185,2.6,46.2,75.7,10.3,4.0,8.5,0.2,Low,Yes,Medium
STU_1186,6.6,96.2,95.7,10.7,19.0,9.6,8.0,High,Yes,High
STU_1187,8.2,81.3,91.0,7.1,3.8,8.1,7.9,Medium,Yes,High
STU_1188,5.6,44.1,83.6,7.1,17.4,6.2,3.0,Medium,No,Medium
STU_1189,5.3,58.1,85.2,16.6,20.8,9.6,1.4,Medium,No,Medium
STU_1190,2.4,82.5,76.5,15.8,21.0,5.7,1.5,Medium,Yes,Medium
STU_1191,0.9,44.0,48.2,6.2,22.6,6.0,7.0,Medium,No,Low
STU_1192,9.0,74.9,93.5,18.3,26.2,8.2,6.4,Medium,Yes,High
STU_1193,9.0,60.8,77.0,19.1,15.0,8.6,7.8,Medium,Yes,High
STU_1194,6.3,77.3,69.2,6.5,21.9,9.6,9.4,Low,Yes,High
STU_1195,3.4,42.7,37.8,7.1,18.6,5.2,6.9,High,Yes,Medium
STU_1196,3.5,92.3,61.3,10.1,5.6,8.8,1.6,Medium,Yes,Medium
STU_1197,7.3,98.4,62.2,18.8,0.8,8.4,2.4,Low,No,Medium
STU_1198,9.0,98.1,90.5,17.5,8.5,4.4,8.4,High,Yes,High
STU_1199,8.9,85.0,68.3,2.1,13.3,6.3,2.1,High,No,High
STU_1200,7.8,47.8,56.6,7.9,18.5,5.7,0.7,High,Yes,Medium
STU_1201,6.4,85.5,98.4,11.1,25.5,5.8,7.0,Medium,Yes,High
STU_1202,0.8,41.5,37.8,10.1,5.9,9.9,4.0,Low,Yes,Low
STU_1203,1.6,41.3,59.6,3.9,3.8,7.9,9.2,Medium,No,Low
STU_1204,9.0,59.4,32.9,17.2,28.9,8.3,6.5,Low,Yes,Medium
STU_1205,6.1,69.3,81.8,13.5,3.2,9.9,0.9,High,No,Medium
STU_1206,0.1,86.2,94.3,16.8,14.4,6.3,9.5,Low,Yes,Medium
STU_1207,1.0,81.0,49.6,17.2,17.6,8.8,2.6,Medium,Yes,Medium
STU_1208,6.6,66.8,90.1,15.0,16.2,6.6,3.4,Medium,Yes,High
STU_1209,0.1,56.4,50.5,8.8,2.6,9.2,4.0,Medium,Yes,Low
STU_1210,1.6,99.8,93.8,12.2,1.7,5.1,0.5,High,Yes,Medium
STU_1211,5.5,65.6,82.8,3.2,3.2,9.7,5.0,Medium,Yes,Low
STU_1212,6.9,67.1,86.3,13.5,17.6,5.3,1.2,Low,No,High
STU_1213,6.5,49.8,31.3,3.6,16.3,6.0,4.0,Medium,Yes,Low
STU_1214,2.2,87.7,97.4,13.9,7.0,8.5,3.5,Medium,No,Medium
STU_1215,7.1,81.6,80.9,4.6,19.1,6.4,7.7,Low,Yes,Medium
STU_1216,2.4,53.2,51.3,2.4,24.6,7.6,8.0,Medium,No,Low
STU_1217,3.3,44.9,88.1,3.3,1.2,6.7,1.5,Medium,No,Low
STU_1218,7.5,80.8,49.7,0.0,14.9,8.5,3.7,Medium,Yes,Low
STU_1219,6.5,79.3,91.1,14.4,20.7,5.4,3.7,High,Yes,High
STU_1220,8.5,56.4,37.9,14.6,7.6,4.4,1.5,High,No,Medium
STU_1221,6.6,97.1,79.3,10.3,9.2,5.8,8.0,High,No,Medium
STU_1222,5.7,49.1,67.8,3.2,18.4,6.8,7.1,Low,Yes,Medium
STU_1223,0.9,65.9,36.8,1.7,26.9,5.0,1.9,Low,Yes,Low
STU_1224,3.7,96.6,46.9,0.4,24.3,6.1,3.7,Medium,No,Low
STU_1225,2.7,65.2,30.9,3.3,17.5,6.4,1.1,High,Yes,Low
STU_1226,2.4,78.3,62.8,17.8,21.9,4.3,6.3,High,No,Medium
STU_1227,9.7,63.9,51.1,4.8,10.9,7.5,1.2,High,Yes,Medium
STU_1228,3.9,56.5,71.9,7.1,19.2,9.3,9.9,Low,Yes,Medium
STU_1229,8.9,99.0,50.8,2.1,14.0,4.9,7.8,High,No,Medium
STU_1230,6.3,64.6,51.0,4.4,5.7,7.6,3.9,Medium,No,Medium
STU_1231,7.9,93.6,82.0,10.4,21.1,8.0,5.8,Low,Yes,High
STU_1232,5.0,53.8,33.4,12.2,16.7,6.5,9.1,Medium,No,Low
STU_1233,5.8,52.8,93.2,4.9,10.8,8.2,5.5,Low,No,Medium
STU_1234,4.9,41.9,89.7,1.2,27.3,6.5,1.7,Medium,No,Medium
STU_1235,2.0,79.1,76.7,7.8,0.6,7.0,3.8,Medium,Yes,Low
STU_1236,7.2,62.1,71.5,4.7,,4.0,8.4,Medium,No,Medium
STU_1237,2.8,91.9,92.5,4.4,1.7,8.2,6.4,Medium,No,Medium
STU_1238,0.2,68.4,43.0,19.2,23.0,8.0,6.5,High,No,Medium
STU_1239,6.5,98.1,35.5,12.3,21.1,4.2,8.7,Medium,No,Medium
STU_1240,1.8,51.1,46.8,11.1,9.9,6.2,8.9,Medium,Yes,Low
STU_1241,9.4,92.1,85.6,8.3,20.3,9.9,9.2,High,No,High
STU_1242,9.5,86.6,32.4,8.6,11.9,6.5,0.9,High,No,Medium
STU_1243,9.1,86.3,70.8,10.8,22.7,7.0,5.4,Low,Yes,High
STU_1244,3.7,90.7,99.7,13.9,13.6,9.5,7.4,Medium,Yes,High
STU_1245,0.2,,89.9,14.0,12.4,8.3,7.6,Medium,Yes,High
STU_1246,9.3,77.6,66.5,3.4,28.0,7.5,6.1,Low,No,High
STU_1247,4.3,47.9,34.5,10.0,7.5,8.8,1.7,Medium,Yes,Low
STU_1248,9.7,42.0,88.2,8.2,3.6,9.2,8.0,High,No,Medium
STU_1249,9.6,95.3,71.9,17.4,17.5,6.7,7.2,Low,No,High
STU_1250,8.5,77.0,38.0,12.6,29.1,6.9,0.9,High,No,Medium
STU_1251,2.9,87.8,36.6,10.7,11.3,6.3,4.6,High,No,Low
STU_1252,3.9,68.9,93.7,2.3,1.9,9.8,1.7,High,No,Medium
STU_1253,8.5,47.0,76.8,12.1,10.2,8.2,3.4,Medium,Yes,Medium
STU_1254,3.2,47.5,88.1,2.3,15.2,4.5,0.2,High,No,Medium
STU_1255,1.7,81.1,91.5,6.7,4.9,9.2,4.0,Medium,Yes,Medium
STU_1256,5.6,65.8,70.0,2.9,19.7,6.9,5.5,Medium,No,Medium
STU_1257,9.4,52.0,66.2,13.8,29.9,4.4,6.2,Low,Yes,High
STU_1258,7.0,69.5,60.1,4.1,13.6,7.3,6.6,Low,No,Low
STU_1259,5.7,43.9,52.2,7.8,10.6,6.5,8.4,Medium,No,Low
STU_1260,1.0,74.9,60.4,17.9,12.0,9.3,2.2,Medium,No,Low
STU_1261,6.2,56.1,84.2,4.1,3.5,5.2,1.2,Medium,Yes,Medium
STU_1262,9.9,87.9,72.1,10.2,26.5,9.0,8.5,Low,,High
STU_1263,1.4,58.6,92.5,8.4,12.4,7.3,1.6,Medium,No,Low
STU_1264,5.2,67.3,61.0,0.4,11.6,4.3,9.7,Low,Yes,Low
STU_1265,8.8,40.7,72.5,15.9,19.8,9.8,8.4,High,No,High
STU_1266,7.4,44.3,74.2,1.4,13.3,7.1,5.0,Low,Yes,Medium
STU_1267,7.0,63.5,71.4,9.5,19.4,5.7,9.8,Low,No,High
STU_1268,7.0,68.8,79.2,11.2,1.8,6.8,1.0,Medium,Yes,Medium
STU_1269,3.6,76.0,46.6,12.6,24.4,9.1,3.0,Medium,No,Medium
STU_1270,2.9,57.5,65.9,13.8,28.2,5.8,6.4,Medium,No,Medium
STU_1271,8.1,81.7,37.3,5.1,19.5,5.2,3.5,Medium,Yes,Medium
STU_1272,8.1,91.6,56.9,0.2,28.6,4.8,9.3,High,Yes,High
STU_1273,8.7,86.8,64.1,14.5,4.5,5.8,0.7,Medium,Yes,Medium
STU_1274,9.1,42.4,75.7,10.7,14.3,8.7,5.5,Low,No,High
STU_1275,5.1,68.8,96.5,16.7,18.1,6.8,5.9,Medium,No,High
STU_1276,5.0,46.3,72.0,16.4,17.5,5.4,6.5,High,No,Medium
STU_1277,8.0,54.5,82.1,16.9,12.0,5.0,2.6,Medium,No,High
STU_1278,6.5,99.2,65.4,9.7,10.1,6.0,3.6,Low,Yes,Medium
STU_1279,7.0,48.5,74.4,6.7,3.8,9.6,8.4,High,Yes,Medium
STU_1280,8.0,69.9,35.0,15.8,11.8,6.1,1.9,Medium,Yes,Medium
STU_1281,8.9,77.1,47.8,9.0,4.9,9.9,8.3,Medium,Yes,Low
STU_1282,3.4,82.1,55.3,3.7,22.0,6.9,5.6,Low,No,Low
STU_1283,3.8,73.6,63.1,17.1,6.3,5.1,7.6,Low,No,Medium
STU_1284,0.9,40.6,33.2,17.7,1.8,9.3,7.1,Medium,Yes,Low
STU_1285,5.8,59.6,39.8,9.3,16.6,6.8,2.1,Low,No,Low
STU_1286,0.4,71.1,49.4,1.5,17.9,8.3,5.7,Medium,No,Low
STU_1287,4.7,45.3,98.0,7.8,26.2,9.9,8.7,Medium,Yes,High
STU_1288,5.4,61.0,53.2,16.1,17.3,4.3,4.3,Medium,Yes,High
STU_1289,2.9,42.0,63.7,18.0,10.4,4.6,9.7,High,Yes,Medium
STU_1290,5.9,44.7,43.7,4.1,24.1,8.3,4.5,High,No,Medium
STU_1291,0.3,63.8,72.8,1.3,16.2,5.7,1.4,Medium,No,Low
STU_1292,0.4,48.0,49.6,17.5,2.4,5.1,3.9,Low,No,Low
STU_1293,8.2,74.1,44.5,7.8,17.0,4.2,9.5,Low,Yes,Medium
STU_1294,3.6,81.4,66.2,10.8,27.2,4.1,3.2,Medium,Yes,Medium
STU_1295,1.3,88.0,30.4,19.4,11.9,8.6,8.7,Low,No,Low
STU_1296,5.2,52.0,30.5,1.3,8.9,4.8,8.8,High,No,Low
STU_1297,7.7,50.0,45.3,13.0,4.3,6.8,3.5,Low,No,Low
STU_1298,2.2,46.3,32.6,1.5,4.5,7.6,0.8,Medium,No,Low
STU_1299,6.2,78.2,37.6,7.5,13.0,6.6,7.2,Medium,Yes,Low
STU_1300,0.9,82.4,53.7,16.1,17.9,4.2,3.1,Medium,No,Medium
STU_1301,0.5,41.9,86.2,8.7,2.4,8.7,7.8,Low,No,Low
STU_1302,5.3,96.2,70.0,19.9,28.2,4.1,4.4,Medium,Yes,High
STU_1303,5.4,43.1,65.9,11.2,22.7,8.6,4.9,Medium,No,Medium
STU_1304,6.4,72.5,50.5,6.4,17.6,9.4,7.8,High,Yes,Medium
STU_1305,7.3,82.5,95.2,4.4,,6.6,3.8,Low,Yes,Medium
STU_1306,9.8,92.3,57.8,7.0,2.4,7.2,4.4,High,Yes,Medium
STU_1307,5.2,82.8,36.1,7.5,14.3,6.9,3.8,High,Yes,Medium
STU_1308,3.2,88.1,73.2,1.4,18.9,6.3,3.7,Medium,Yes,Low
STU_1309,8.0,60.4,38.0,7.4,24.9,9.3,5.3,High,Yes,High
STU_1310,2.7,88.9,54.2,9.3,23.5,9.4,8.1,Low,No,Medium
STU_1311,4.4,44.8,65.5,14.5,8.3,6.0,3.6,High,No,Medium
STU_1312,0.8,93.7,91.2,13.1,28.2,,5.2,Medium,Yes,High
STU_1313,0.3,72.9,64.5,14.2,3.7,9.6,6.7,Medium,Yes,Low
STU_1314,9.6,89.0,79.2,0.2,26.3,9.8,2.7,Medium,No,High
STU_1315,8.4,67.1,99.5,4.4,29.1,7.1,2.8,Low,Yes,High
STU_1316,7.0,78.6,39.2,13.2,5.3,6.7,9.3,High,Yes,Medium
STU_1317,4.1,71.6,49.2,9.7,21.7,5.7,7.2,Low,No,Low
STU_1318,1.7,83.9,57.6,0.1,1.2,9.8,5.8,Medium,No,Low
STU_1319,1.6,44.9,59.5,16.1,12.2,4.9,6.5,Medium,No,Low
STU_1320,2.5,43.6,58.8,15.5,15.5,7.5,0.3,High,No,Medium
STU_1321,5.5,54.8,93.5,11.0,17.4,5.7,6.2,Low,Yes,Medium
STU_1322,7.1,49.6,80.0,1.3,28.1,5.7,5.1,Medium,No,High
STU_1323,6.6,92.3,72.6,15.3,20.2,6.4,5.5,Medium,Yes,High
STU_1324,2.8,53.2,51.7,11.7,14.4,10.0,3.6,Medium,Yes,Low
STU_1325,9.5,98.6,87.7,15.6,24.3,4.3,0.8,Low,Yes,High
STU_1326,7.4,60.2,96.9,15.0,28.5,7.5,1.9,Low,No,High
STU_1327,5.5,50.9,87.5,16.1,0.7,4.5,9.5,Low,Yes,High
STU_1328,6.1,87.4,30.1,10.4,29.5,4.9,4.1,Medium,No,Low
STU_1329,4.2,79.5,74.5,2.8,2.6,6.6,4.7,Low,No,Medium
STU_1330,2.5,69.9,33.6,13.4,24.4,7.1,0.5,Medium,No,Low
STU_1331,3.6,73.3,48.0,12.4,8.4,5.6,0.4,Low,No,Low
STU_1332,7.6,83.2,34.2,14.8,4.0,5.9,7.2,High,No,Medium
STU_1333,0.1,53.7,72.3,3.4,13.2,4.5,5.4,High,No,Low
STU_1334,1.2,99.8,78.1,3.9,19.3,5.8,5.1,Medium,Yes,Medium
STU_1335,0.5,98.5,38.0,17.8,11.4,9.8,2.4,Medium,No,Low
STU_1336,0.4,79.0,56.9,15.0,1.6,9.7,7.4,Low,No,Low
STU_1337,8.6,52.0,61.9,18.2,18.0,6.0,1.7,Low,No,Medium
STU_1338,7.0,80.8,55.8,15.2,27.1,7.4,1.9,Medium,No,High
STU_1339,4.7,44.3,38.5,11.9,11.5,9.5,4.6,Medium,No,Low
STU_1340,1.0,41.8,59.3,13.1,6.5,4.0,2.9,Medium,No,Low
STU_1341,4.9,55.5,82.6,17.8,13.3,8.9,2.5,High,No,Medium
STU_1342,4.7,67.8,35.0,11.6,1.5,9.7,6.5,Medium,No,Low
STU_1343,1.7,92.1,35.6,12.6,24.6,4.5,6.5,Medium,Yes,Medium
STU_1344,4.3,83.6,54.8,3.1,24.8,5.0,8.2,Medium,No,Low
STU_1345,4.0,84.6,95.9,9.5,17.6,9.8,4.2,Medium,No,High
STU_1346,6.2,65.5,76.8,14.3,10.6,7.2,0.7,Medium,No,Medium
STU_1347,6.4,60.8,77.5,5.4,24.0,4.1,2.7,Medium,No,Medium
STU_1348,0.5,62.3,55.3,4.0,16.6,5.5,,Medium,Yes,Low
STU_1349,3.7,99.3,71.6,6.3,24.8,6.7,6.0,Medium,No,Medium
STU_1350,6.3,42.4,30.7,4.8,18.9,8.2,7.1,High,No,Low
STU_1351,5.0,92.0,74.5,4.3,23.5,8.4,0.1,Medium,No,Medium
STU_1352,8.6,74.7,93.9,8.5,18.0,10.0,5.2,Low,Yes,High
STU_1353,6.6,66.3,72.9,18.2,12.4,5.7,0.4,Medium,No,High
STU_1354,1.6,83.5,91.2,10.1,28.7,7.2,5.7,Medium,No,High
STU_1355,0.7,69.2,80.7,3.8,16.2,7.2,9.2,Low,Yes,Low
STU_1356,6.4,92.4,38.4,1.5,18.2,6.4,,High,Yes,Medium
STU_1357,0.3,94.0,93.2,13.9,6.6,5.0,5.4,High,Yes,Low
STU_1358,5.9,65.3,34.7,7.7,18.8,9.9,4.6,High,No,Medium
STU_1359,9.4,56.6,67.4,16.4,17.1,9.1,9.5,Low,Yes,High
STU_1360,5.8,75.5,39.9,13.2,5.5,7.0,6.7,High,Yes,Low
STU_1361,3.9,94.7,30.8,15.9,1.8,7.6,0.6,Medium,No,Low
STU_1362,6.4,52.6,59.5,5.4,18.1,5.4,4.7,Medium,Yes,Medium
STU_1363,4.6,77.4,50.7,13.8,22.9,7.3,2.4,Medium,Yes,Medium
STU_1364,5.5,77.9,64.0,5.3,15.7,8.2,4.7,High,No,Medium
STU_1365,9.4,84.0,70.4,18.8,6.8,7.1,4.6,Medium,No,Medium
STU_1366,3.9,47.9,33.1,12.7,20.0,9.9,5.8,Medium,No,Medium
STU_1367,9.6,82.9,38.6,6.5,2.4,7.7,3.6,Medium,Yes,Low
STU_1368,9.1,94.5,69.1,5.4,13.3,6.2,1.6,Medium,No,Medium
STU_1369,2.0,50.8,54.0,3.8,4.9,8.6,5.0,Low,No,Low
STU_1370,0.7,54.3,81.0,13.9,5.5,5.0,8.3,High,Yes,Medium
STU_1371,1.0,98.3,75.7,4.4,6.1,6.3,6.6,Medium,Yes,Low
STU_1372,0.2,50.9,89.2,11.9,11.6,6.1,3.4,Medium,Yes,Low
STU_1373,0.9,91.3,78.5,5.3,1.5,6.6,9.4,Low,Yes,Low
STU_1374,6.8,69.5,60.1,13.2,11.9,8.7,9.1,Medium,No,Medium
STU_1375,0.7,54.8,77.1,16.3,15.4,6.9,2.1,Low,No,Low
STU_1376,3.2,92.2,49.3,15.6,14.5,8.8,0.4,Low,Yes,Low
STU_1377,8.4,66.7,51.4,15.2,11.5,7.5,7.4,Medium,Yes,High
STU_1378,0.2,70.9,85.2,3.8,25.2,6.1,8.3,Medium,Yes,Medium
STU_1379,8.1,61.6,61.2,1.8,4.4,8.9,9.7,Medium,No,Medium
STU_1380,2.8,75.6,85.9,14.0,15.2,5.4,8.9,Low,Yes,Medium
STU_1381,1.2,49.8,87.6,7.4,1.9,5.3,6.0,Medium,No,Low
STU_1382,7.0,63.5,90.0,8.6,2.1,7.0,5.3,Low,Yes,Medium
STU_1383,6.3,98.2,94.2,0.6,17.2,5.6,0.3,High,No,High
STU_1384,8.8,55.5,60.2,5.2,17.0,4.1,2.5,Medium,No,Medium
STU_1385,7.4,79.4,52.3,0.7,26.3,7.9,4.6,Medium,Yes,Medium
STU_1386,8.0,59.5,70.8,17.6,16.7,7.1,,Medium,No,High
STU_1387,2.8,86.4,56.0,4.9,28.8,6.7,5.6,Low,No,Medium
STU_1388,1.8,47.9,72.1,11.1,1.5,9.8,7.4,High,Yes,Medium
STU_1389,7.5,98.2,79.4,0.8,2.9,7.4,2.8,Medium,No,Low
STU_1390,8.1,67.2,78.2,13.3,1.3,9.2,5.6,Medium,Yes,Medium
STU_1391,9.9,54.2,56.2,6.5,5.6,4.8,0.9,Medium,No,Medium
STU_1392,4.1,44.4,41.7,18.0,16.2,7.4,4.1,Low,Yes,Low
STU_1393,3.7,50.2,60.1,17.8,19.4,9.2,7.5,High,No,Medium
STU_1394,7.8,71.2,40.0,6.5,1.4,7.5,6.9,Medium,No,Low
STU_1395,3.4,60.2,92.3,18.0,28.4,8.3,9.9,Medium,No,High
STU_1396,9.3,89.7,54.2,19.9,25.3,6.2,2.8,Low,No,High
STU_1397,8.6,65.9,40.8,16.5,8.9,4.6,5.0,Low,No,Medium
STU_1398,4.3,54.9,31.8,16.9,2.3,6.7,3.3,High,Yes,Low
STU_1399,7.5,77.0,75.2,5.0,5.1,6.4,4.4,Medium,No,Medium
STU_1400,7.5,82.4,74.6,11.5,3.8,9.2,8.6,Low,No,Medium
STU_1401,1.0,50.0,53.8,1.3,3.7,5.5,6.8,Low,No,Low
STU_1402,9.0,50.1,35.0,1.9,15.6,9.8,8.8,Medium,No,Medium
STU_1403,5.1,42.2,58.7,20.0,7.4,9.7,2.0,Medium,No,Medium
STU_1404,8.3,84.2,51.8,6.5,10.7,5.5,8.7,Medium,No,Medium
STU_1405,3.2,79.8,77.4,15.0,29.7,6.1,0.6,Medium,No,Medium
STU_1406,9.0,68.5,72.4,16.1,20.5,9.4,8.9,Low,Yes,High
STU_1407,3.9,90.7,55.5,17.2,28.5,9.8,3.3,Medium,Yes,Medium
STU_1408,0.1,88.3,45.3,20.0,4.3,6.7,3.1,High,Yes,Low
STU_1409,9.1,75.1,99.2,4.8,11.5,5.9,5.1,Low,No,Medium
STU_1410,0.9,92.1,61.8,0.8,16.6,7.2,9.4,Medium,Yes,Medium
STU_1411,3.2,52.4,78.2,8.2,2.3,8.1,0.5,Medium,Yes,Low
STU_1412,9.5,46.7,39.8,2.6,0.1,5.6,3.5,Medium,No,Low
STU_1413,9.5,56.2,64.0,0.4,20.1,8.4,8.6,Medium,Yes,High
STU_1414,5.7,43.4,31.9,7.2,19.3,4.3,4.0,High,No,Medium
STU_1415,6.3,71.9,65.4,15.7,12.3,4.3,2.0,Medium,Yes,Medium
STU_1416,4.5,96.2,97.5,11.3,14.7,6.3,4.2,Medium,Yes,High
STU_1417,2.9,42.4,56.9,6.3,12.5,6.1,3.9,Medium,No,Low
STU_1418,3.3,47.3,32.7,13.1,0.7,5.9,9.2,Low,No,Low
STU_1419,6.7,67.1,32.2,4.6,10.1,6.9,7.6,Low,No,Low
STU_1420,7.5,96.0,57.2,0.3,5.3,5.9,5.1,Medium,Yes,Low
STU_1421,7.9,59.0,41.2,15.3,3.0,5.2,9.9,Low,No,Low
STU_1422,7.9,70.4,31.6,12.5,28.7,5.9,4.7,Medium,Yes,Medium
STU_1423,0.9,42.5,82.9,15.2,18.0,9.8,0.6,Medium,Yes,Medium
STU_1424,4.9,48.9,62.1,0.8,21.9,6.5,2.6,Medium,Yes,Medium
STU_1425,0.6,99.2,50.2,16.7,9.5,6.7,4.4,Medium,Yes,Low
STU_1426,5.5,97.9,93.0,12.4,11.8,7.5,1.6,Medium,Yes,Medium
STU_1427,4.4,40.3,38.1,11.3,7.1,9.9,9.5,Low,Yes,Low
STU_1428,8.9,97.1,96.9,12.5,2.9,5.4,7.7,Medium,No,High
STU_1429,3.5,78.3,52.0,17.3,5.4,8.1,2.7,Medium,Yes,Medium
STU_1430,1.2,92.1,92.2,11.7,23.9,8.3,5.9,Medium,Yes,Medium
STU_1431,1.4,67.3,72.2,11.6,20.3,7.6,7.2,Medium,Yes,Low
STU_1432,7.6,70.9,87.9,19.8,16.4,4.5,9.4,Medium,No,High
STU_1433,6.2,69.3,98.9,15.1,14.3,8.1,8.8,Low,Yes,High
STU_1434,1.0,80.0,50.2,8.8,27.7,4.4,5.2,Low,No,Low
STU_1435,0.8,48.4,97.3,14.1,2.2,7.6,7.7,Low,No,Medium
STU_1436,7.0,41.8,57.3,7.8,8.4,8.4,5.6,High,Yes,Medium
STU_1437,0.7,58.5,57.0,4.6,10.5,5.3,5.5,Low,No,Low
STU_1438,8.2,82.3,53.8,11.9,23.5,9.0,1.1,Low,Yes,Medium
STU_1439,7.1,52.1,67.9,18.6,29.8,4.2,1.3,Medium,No,High
STU_1440,0.8,80.4,40.8,18.6,7.2,9.1,5.3,Low,Yes,Low
STU_1441,0.8,98.2,68.8,6.8,26.2,6.8,2.7,Medium,Yes,Low
STU_1442,9.9,45.6,67.9,10.6,24.9,5.3,0.2,Low,Yes,Medium
STU_1443,3.7,80.4,83.3,4.2,6.7,4.8,7.2,Low,No,Medium
STU_1444,3.7,66.6,88.4,19.9,12.0,9.7,0.3,Medium,Yes,High
STU_1445,8.1,92.1,60.8,19.6,12.3,4.4,6.0,Medium,Yes,High
STU_1446,9.5,50.6,51.2,13.0,29.3,5.2,5.4,Medium,No,High
STU_1447,9.9,81.6,48.2,16.1,5.4,6.1,9.7,Medium,No,Medium
STU_1448,7.5,90.3,43.6,14.3,24.0,7.7,4.8,Medium,No,Medium
STU_1449,3.8,96.7,34.0,11.9,10.0,7.3,0.6,Medium,Yes,Low
STU_1450,0.8,81.0,54.0,1.1,21.9,4.8,5.5,Low,No,Low
STU_1451,7.8,69.8,48.9,9.1,12.6,5.7,8.4,Medium,No,Medium
STU_1452,5.6,77.1,97.6,13.5,17.4,5.4,10.0,Medium,Yes,High
STU_1453,4.2,92.1,69.0,13.6,25.0,5.3,4.3,Medium,No,High
STU_1454,9.1,74.2,54.3,7.5,24.1,6.5,3.2,Medium,Yes,Medium
STU_1455,1.1,41.8,70.6,18.8,26.0,8.2,9.1,High,No,Medium
STU_1456,4.9,95.9,39.7,3.3,1.8,5.3,1.9,High,Yes,Low
STU_1457,0.1,81.4,61.1,10.0,20.8,6.2,6.2,Medium,No,Medium
STU_1458,4.7,80.6,73.8,13.8,4.2,6.3,4.1,Medium,Yes,Medium
STU_1459,0.6,52.9,64.2,13.9,12.5,9.9,0.4,Low,No,Low
STU_1460,1.2,79.5,58.1,13.0,16.5,9.7,3.5,Medium,Yes,Low
STU_1461,1.2,63.6,99.6,5.5,12.1,8.8,2.7,Medium,No,Medium
STU_1462,6.5,79.1,91.6,3.1,15.6,5.4,6.9,Medium,No,High
STU_1463,7.5,46.4,73.6,12.7,29.9,4.4,9.5,High,Yes,High
STU_1464,5.8,79.5,69.9,12.0,4.1,5.9,2.7,Medium,No,Medium
STU_1465,9.6,100.0,73.4,3.6,20.3,5.6,8.1,Medium,No,Medium
STU_1466,3.7,42.9,44.1,14.1,11.9,7.0,0.6,Medium,Yes,Low
STU_1467,2.9,98.6,57.7,9.1,4.0,8.7,5.4,High,Yes,Medium
STU_1468,8.7,64.4,32.8,13.4,,9.1,0.7,Medium,No,Medium
STU_1469,2.2,92.2,63.3,16.7,28.5,9.1,9.3,Medium,Yes,High
STU_1470,9.6,86.9,68.0,3.4,26.4,6.2,7.7,Medium,Yes,High
STU_1471,0.1,74.0,45.9,0.4,27.2,8.1,6.6,High,Yes,Low
STU_1472,9.7,84.3,97.5,15.6,29.7,5.9,8.2,Low,Yes,High
STU_1473,0.4,92.7,93.7,12.2,6.2,4.4,6.5,High,Yes,Low
STU_1474,8.9,64.2,80.6,14.0,10.7,8.2,9.7,Medium,Yes,Medium
STU_1475,5.3,59.6,67.3,16.8,20.1,4.1,7.1,Medium,No,High
STU_1476,9.9,80.1,90.9,16.1,14.5,6.5,9.2,Medium,No,High
STU_1477,0.7,88.5,39.1,19.2,12.6,6.0,5.2,Medium,Yes,Low
STU_1478,5.5,85.7,85.3,10.7,10.7,8.2,1.2,Low,No,Medium
STU_1479,9.7,87.9,38.7,9.8,17.8,8.6,5.3,High,No,Medium
STU_1480,5.2,66.1,85.6,8.0,17.3,5.8,1.3,Medium,No,Medium
STU_1481,6.3,89.1,49.3,3.1,4.8,8.9,5.9,Medium,Yes,Medium
STU_1482,7.0,47.2,91.4,11.5,14.2,5.8,4.8,Low,Yes,Medium
STU_1483,4.5,72.7,96.1,5.5,16.6,6.7,6.2,Medium,No,Medium
STU_1484,6.3,40.3,40.4,18.4,17.1,8.4,0.1,Medium,No,Medium
STU_1485,5.8,59.5,62.4,11.7,6.3,8.2,1.9,Medium,No,Medium
STU_1486,9.0,62.0,98.7,11.9,22.3,9.9,4.9,Medium,No,High
STU_1487,0.5,63.8,63.8,7.1,0.8,5.4,9.5,Medium,Yes,Low
STU_1488,2.8,81.7,90.4,1.0,10.6,8.0,3.8,High,No,Low
STU_1489,9.5,63.3,71.2,0.6,23.4,7.7,4.2,Medium,Yes,Medium
STU_1490,8.9,66.9,56.3,8.5,16.9,9.5,7.1,High,Yes,Medium
STU_1491,4.6,54.3,50.0,1.7,7.8,4.9,6.0,Low,No,Low
STU_1492,6.2,62.4,44.2,12.1,20.8,8.5,3.0,Medium,Yes,Medium
STU_1493,2.8,53.6,83.3,17.6,17.0,7.4,4.1,Medium,No,Medium
STU_1494,1.9,44.4,57.1,17.7,23.9,5.6,2.2,Medium,No,Medium
STU_1495,4.6,76.2,65.8,13.2,22.1,6.8,9.7,High,Yes,Medium
STU_1496,3.5,80.1,64.5,4.2,18.3,6.0,1.3,Low,No,Medium
STU_1497,5.8,77.2,70.4,17.3,14.6,7.5,3.7,Low,No,Medium
STU_1498,0.8,67.8,90.6,17.7,,9.3,0.3,High,No,Medium
STU_1499,9.7,62.8,98.7,3.9,7.8,7.4,2.2,Low,Yes,Medium
STU_1500,9.9,91.8,58.5,14.7,12.6,7.8,7.8,Medium,Yes,High
STU_1501,7.0,71.1,87.9,5.7,18.0,7.1,2.0,Medium,Yes,High
STU_1502,5.4,68.8,83.5,16.1,15.4,4.3,0.8,High,Yes,High
STU_1503,3.1,41.5,70.1,19.9,8.6,5.4,4.7,Low,Yes,Low
STU_1504,8.1,60.5,96.9,0.6,0.2,7.0,0.1,Low,No,Medium
STU_1505,6.8,62.8,44.0,17.9,14.9,5.9,0.8,Medium,Yes,Medium
STU_1506,1.6,63.9,37.6,12.5,8.6,5.1,8.1,High,No,Low
STU_1507,9.1,74.8,89.8,19.5,22.0,7.0,7.7,Medium,Yes,High
STU_1508,8.2,72.0,60.7,9.3,0.7,5.9,9.2,Medium,No,Medium
STU_1509,9.5,76.5,89.3,16.9,17.5,5.5,8.5,Medium,No,High
STU_1510,7.3,85.9,92.5,1.2,28.2,6.8,6.8,High,Yes,High
STU_1511,6.1,88.8,34.4,6.7,5.2,4.8,0.5,High,Yes,Medium
STU_1512,4.2,83.1,91.8,1.3,14.1,9.6,7.8,High,No,Medium
STU_1513,9.3,97.3,61.4,19.5,2.7,,8.5,Low,No,Medium
STU_1514,8.7,41.1,65.7,16.3,18.8,8.2,8.0,Low,No,Medium
STU_1515,0.5,51.7,73.9,17.1,16.5,4.6,5.1,Medium,Yes,Medium
STU_1516,0.3,40.5,94.8,18.8,12.2,8.7,2.3,High,Yes,Medium
STU_1517,3.8,78.8,31.3,1.7,15.6,8.8,8.5,Medium,No,Low
STU_1518,8.1,93.9,63.4,7.7,26.9,8.6,7.3,Low,No,Medium
STU_1519,9.9,54.6,78.1,1.4,5.9,4.7,9.8,High,No,Medium
STU_1520,1.5,95.6,80.6,4.2,0.7,7.9,1.6,Low,No,Low
STU_1521,5.9,43.6,78.5,4.6,25.8,9.0,2.3,Medium,No,Medium
STU_1522,3.8,96.1,39.4,9.4,17.3,7.5,2.1,Medium,Yes,Medium
STU_1523,9.7,61.1,51.0,5.4,26.7,7.9,7.9,Medium,Yes,High
STU_1524,8.4,46.1,55.1,2.0,17.9,6.8,1.9,Medium,Yes,Low
STU_1525,8.4,69.2,86.3,3.3,24.3,7.2,0.7,Medium,No,Medium
STU_1526,4.7,55.4,49.5,2.9,12.9,4.2,10.0,Medium,Yes,Low
STU_1527,4.1,57.1,44.7,19.5,22.5,7.8,0.2,Medium,Yes,Medium
STU_1528,2.7,58.4,97.0,15.2,27.4,4.5,8.4,Medium,No,Medium
STU_1529,0.6,88.2,30.6,19.4,17.2,6.6,3.7,Medium,No,Low
STU_1530,8.6,72.3,99.8,8.8,5.4,5.8,8.4,Medium,No,High
STU_1531,8.1,58.7,77.4,5.6,8.1,7.3,5.5,Low,No,Medium
STU_1532,10.0,76.6,88.0,16.0,6.0,4.8,9.0,Low,Yes,High
STU_1533,10.0,83.0,50.6,6.5,7.4,8.1,9.3,Low,No,Medium
STU_1534,5.6,56.4,31.0,6.0,9.2,8.8,0.1,Medium,No,Low
STU_1535,7.7,64.8,81.7,4.7,16.7,5.0,0.8,High,No,Medium
STU_1536,9.4,47.3,88.4,2.6,17.6,4.6,2.5,Medium,Yes,Medium
STU_1537,8.5,50.9,81.8,5.1,12.8,4.9,6.7,High,Yes,High
STU_1538,2.5,80.9,40.0,7.1,18.5,9.3,8.9,Medium,No,Medium
STU_1539,4.5,50.9,82.7,13.5,2.4,7.2,4.6,Medium,No,Medium
STU_1540,1.3,71.5,83.8,1.3,2.6,6.8,6.1,Medium,No,Low
STU_1541,9.5,82.5,76.1,4.2,5.2,4.6,1.9,Low,No,Medium
STU_1542,6.1,46.4,83.6,16.2,15.5,7.9,8.0,Low,No,Medium
STU_1543,2.3,74.0,89.2,2.9,6.4,9.2,9.7,Medium,No,Medium
STU_1544,6.7,55.4,73.0,6.9,8.5,9.0,2.7,High,No,Medium
STU_1545,6.2,97.8,36.2,17.3,12.0,7.8,4.9,Low,Yes,Medium
STU_1546,3.6,69.0,64.1,3.1,24.4,4.5,0.9,Low,No,Medium
STU_1547,1.1,88.4,35.4,1.7,0.4,4.7,5.6,High,No,Low
STU_1548,6.7,73.0,58.5,9.7,19.5,4.3,5.0,Medium,Yes,Medium
STU_1549,5.2,42.6,58.5,6.0,20.1,5.5,1.4,High,Yes,Medium
STU_1550,7.7,78.0,34.6,11.3,24.0,4.8,4.4,Medium,Yes,Medium
STU_1551,5.2,97.1,54.4,16.1,28.0,5.6,3.3,High,No,High
STU_1552,8.5,76.1,37.8,2.7,0.6,6.3,5.2,Medium,Yes,Low
STU_1553,5.5,89.2,86.6,11.6,4.6,9.7,5.9,Medium,No,Low
STU_1554,5.6,93.1,96.3,10.1,26.6,7.7,0.1,Medium,Yes,High
STU_1555,8.8,53.7,35.1,2.9,13.8,9.0,7.6,Medium,Yes,Low
STU_1556,4.0,52.7,96.9,12.5,16.9,8.3,7.1,Medium,No,Medium
STU_1557,1.3,76.7,66.6,5.5,19.9,4.7,3.7,Low,Yes,Medium
STU_1558,0.3,64.7,51.0,9.8,20.4,8.4,0.5,Medium,No,Low
STU_1559,7.6,90.4,35.4,1.6,28.0,5.7,7.5,Medium,No,Low
STU_1560,6.2,94.0,65.0,9.2,29.9,7.8,9.6,High,No,High
STU_1561,7.0,61.2,85.6,6.1,21.6,6.0,2.4,Medium,Yes,Medium
STU_1562,2.1,54.2,79.5,16.4,8.6,10.0,3.2,Medium,No,Low
STU_1563,1.4,86.8,33.5,1.1,26.4,5.6,1.8,Low,No,Low
STU_1564,0.1,56.5,35.1,8.4,1.5,5.7,5.8,Medium,No,Low
STU_1565,3.5,89.4,58.2,9.2,6.9,9.6,1.5,Medium,No,Low
STU_1566,5.9,65.4,50.7,14.5,26.9,4.1,3.6,High,No,Medium
STU_1567,3.9,80.1,46.3,11.5,7.7,8.2,7.0,High,No,Medium
STU_1568,4.4,45.7,49.7,13.3,6.6,8.4,5.6,Low,No,Low
STU_1569,9.0,77.4,86.2,15.5,4.1,9.0,3.9,High,Yes,High
STU_1570,3.5,67.1,95.0,17.2,25.8,9.8,4.2,Low,Yes,Medium
STU_1571,5.1,75.2,58.4,6.3,15.0,9.9,5.6,Medium,Yes,Medium
STU_1572,7.8,50.1,93.4,10.8,20.2,4.4,0.1,Medium,Yes,High
STU_1573,4.0,84.2,52.5,16.8,7.2,8.9,0.8,Low,Yes,Medium
STU_1574,6.2,91.8,63.4,19.8,22.7,7.9,8.8,Medium,Yes,High
STU_1575,8.6,53.0,45.8,17.8,22.8,7.9,0.8,Low,No,Medium
STU_1576,9.5,45.7,74.8,7.4,9.4,4.8,7.1,Low,Yes,Medium
STU_1577,1.5,41.4,98.5,3.9,12.3,7.9,9.2,Medium,No,Medium
STU_1578,9.3,78.5,72.2,9.8,6.3,9.9,2.7,Medium,Yes,High
STU_1579,4.9,76.4,55.0,14.8,29.3,9.5,3.7,High,Yes,Medium
STU_1580,2.6,72.8,75.3,9.9,19.4,6.6,5.7,Medium,Yes,Medium
STU_1581,4.6,53.9,38.6,9.7,28.0,4.2,8.8,Medium,Yes,Medium
STU_1582,9.8,63.5,92.2,16.8,9.1,6.2,9.4,Medium,No,High
STU_1583,4.9,75.7,65.2,7.2,23.5,9.0,7.4,Low,No,Medium
STU_1584,3.3,69.8,61.5,17.2,23.0,8.2,0.9,Low,Yes,Low
STU_1585,6.3,99.3,71.0,8.1,20.7,6.8,6.7,Medium,No,Medium
STU_1586,2.4,48.2,73.7,6.6,29.0,4.3,4.1,Medium,No,Medium
STU_1587,0.8,81.7,35.0,9.1,11.8,6.6,4.7,Medium,No,Low
STU_1588,1.3,64.3,77.8,15.2,3.9,6.8,0.5,Medium,No,Low
STU_1589,1.3,65.7,46.9,2.5,20.2,9.6,1.9,Medium,No,Low
STU_1590,1.5,83.1,80.0,3.9,21.9,7.8,7.9,Low,No,Low
STU_1591,1.4,81.5,87.6,19.0,17.3,5.9,4.5,Low,No,Medium
STU_1592,6.4,99.5,86.3,3.5,6.2,7.2,3.0,High,Yes,Medium
STU_1593,1.8,47.7,68.7,11.4,15.1,4.4,3.8,Medium,Yes,Medium
STU_1594,3.5,46.2,66.4,11.6,9.4,9.8,8.5,High,No,Low
STU_1595,9.0,83.5,40.0,9.8,12.8,6.2,7.5,Low,No,Medium
STU_1596,4.7,74.7,84.3,12.9,19.4,6.9,2.7,High,No,High
STU_1597,6.7,56.4,49.0,4.6,22.4,6.1,1.2,Low,No,Medium
STU_1598,1.7,44.8,64.8,11.1,7.0,8.1,2.5,Low,Yes,Low
STU_1599,1.9,45.1,49.9,7.4,12.2,8.0,9.2,High,No,Low
STU_1600,0.4,93.7,39.4,13.2,8.1,8.3,5.8,Medium,No,Low
STU_1601,1.7,51.5,74.1,2.8,6.0,5.6,5.3,Medium,Yes,Low
STU_1602,2.8,59.4,33.8,11.4,23.5,5.9,6.0,Low,No,Low
STU_1603,1.8,53.6,82.4,3.7,27.3,4.8,3.7,Medium,No,Medium
STU_1604,0.9,61.3,52.2,5.6,11.1,7.9,8.1,High,Yes,Low
STU_1605,1.2,44.2,30.0,4.4,22.5,4.2,5.2,Medium,No,Low
STU_1606,4.6,71.1,65.8,3.7,26.9,7.6,1.2,Medium,Yes,Medium
STU_1607,2.1,44.1,33.3,16.5,25.4,9.2,1.3,Low,No,Medium
STU_1608,3.6,88.0,49.3,5.7,5.5,9.3,5.4,Medium,Yes,Medium
STU_1609,5.0,54.0,79.5,18.5,28.7,6.7,9.4,Medium,No,High
STU_1610,6.9,72.4,34.4,19.4,11.3,6.8,3.1,Low,No,Low
STU_1611,0.4,92.8,88.8,11.4,10.2,4.5,8.7,Medium,Yes,Medium
STU_1612,8.0,79.1,30.3,2.9,1.9,8.0,7.6,Low,No,Low
STU_1613,6.3,72.0,47.3,7.5,14.6,8.9,2.5,High,No,Medium
STU_1614,0.8,59.5,81.9,16.0,3.3,5.5,0.4,Medium,Yes,Low
STU_1615,8.7,60.0,52.1,7.3,7.5,6.5,1.0,Low,Yes,Medium
STU_1616,9.2,80.2,37.1,1.7,9.5,9.0,7.3,Medium,No,Medium
STU_1617,0.6,99.6,55.2,11.1,24.3,9.3,2.0,Medium,No,Low
STU_1618,2.8,79.7,48.9,16.9,26.3,5.5,3.7,Medium,Yes,Medium
STU_1619,8.1,73.5,89.0,15.9,9.1,7.3,5.0,High,Yes,High
STU_1620,7.5,83.8,51.9,3.5,25.8,5.2,7.3,Medium,Yes,Medium
STU_1621,1.8,67.9,85.2,13.5,25.7,4.6,1.1,High,No,Medium
STU_1622,2.1,43.6,92.4,4.4,22.9,9.5,4.1,Medium,Yes,Medium
STU_1623,3.7,73.7,60.4,4.4,4.4,8.9,4.9,Low,No,Low
STU_1624,4.8,97.5,93.7,17.5,20.7,8.6,5.4,Medium,No,Medium
STU_1625,6.2,50.5,56.4,5.0,28.4,4.3,8.2,Medium,Yes,Medium
STU_1626,3.7,81.4,97.5,5.3,20.5,9.1,1.7,Medium,No,Medium
STU_1627,4.6,52.1,36.3,0.0,9.9,6.6,8.1,High,Yes,Low
STU_1628,7.5,72.1,78.1,17.4,15.0,6.1,6.9,Medium,No,High
STU_1629,0.4,45.8,64.6,15.9,19.4,7.3,5.6,High,Yes,Low
STU_1630,2.5,67.0,57.1,12.5,15.3,4.5,7.0,High,No,Medium
STU_1631,7.1,85.4,74.3,15.0,3.6,8.5,4.1,Medium,No,Medium
STU_1632,9.0,60.9,79.3,3.0,9.4,7.5,1.4,Medium,Yes,Medium
STU_1633,5.1,79.9,30.3,9.2,24.1,5.1,6.7,Medium,Yes,Medium
STU_1634,5.3,87.7,41.7,7.0,25.8,5.1,5.2,High,Yes,Medium
STU_1635,1.1,95.6,79.9,1.9,4.1,5.1,6.4,Medium,Yes,Low
STU_1636,4.5,54.1,76.6,9.7,28.6,4.3,3.4,Low,No,Medium
STU_1637,5.3,64.0,97.6,18.4,9.9,7.5,9.1,Medium,No,High
STU_1638,2.4,49.1,83.3,0.8,19.9,9.0,5.9,Medium,No,Low
STU_1639,2.7,99.5,96.6,5.8,22.6,4.1,0.9,Low,No,Medium
STU_1640,3.8,95.6,79.2,4.2,24.4,4.3,4.5,Low,No,Medium
STU_1641,0.2,72.4,50.9,4.8,28.4,7.4,7.6,Medium,No,Low
STU_1642,3.2,90.5,37.4,18.2,9.4,8.9,7.9,Medium,Yes,Medium
STU_1643,2.1,71.3,84.7,9.4,25.8,6.0,4.9,Medium,Yes,High
STU_1644,3.3,77.4,75.1,9.3,4.0,6.1,8.9,Medium,Yes,Medium
STU_1645,1.2,45.3,33.4,15.2,21.2,7.6,2.7,Low,No,Low
STU_1646,8.9,85.3,55.2,3.1,22.3,5.6,4.1,Medium,Yes,Medium
STU_1647,5.9,47.7,97.0,9.7,20.3,4.2,9.0,Medium,Yes,High
STU_1648,6.8,89.6,65.0,8.6,7.6,8.4,9.0,Low,Yes,Low
STU_1649,7.9,86.9,60.3,11.9,26.2,7.8,6.9,Medium,No,High
STU_1650,5.0,82.5,62.0,20.0,5.1,7.5,8.6,Medium,Yes,Medium
STU_1651,0.9,42.2,44.6,15.4,1.6,,0.9,Low,Yes,Low
STU_1652,5.4,58.2,55.8,8.0,21.5,8.1,8.6,Low,Yes,Medium
STU_1653,5.9,55.8,55.9,16.6,14.3,5.2,3.2,Low,Yes,Medium
STU_1654,7.5,61.6,33.7,3.4,25.5,6.1,1.8,High,No,Medium
STU_1655,4.3,45.3,83.7,0.6,11.5,4.8,2.4,High,Yes,Medium
STU_1656,1.3,96.2,59.2,4.1,5.0,4.8,4.2,High,Yes,Low
STU_1657,2.8,73.2,87.6,6.8,25.1,8.1,2.5,Medium,No,Medium
STU_1658,3.6,58.3,89.5,10.2,16.5,9.2,3.2,Medium,Yes,Medium
STU_1659,6.5,63.8,44.8,12.3,5.7,9.8,1.3,Medium,Yes,Medium
STU_1660,5.7,66.8,76.0,18.2,21.6,7.8,3.0,Medium,No,High
STU_1661,3.6,76.0,63.1,10.2,15.3,5.1,5.7,Low,Yes,Medium
STU_1662,9.9,70.9,91.6,10.0,18.1,4.6,4.4,Medium,Yes,High
STU_1663,6.1,95.2,45.1,1.0,13.8,8.9,3.5,High,Yes,Medium
STU_1664,2.4,69.8,77.4,0.7,24.9,7.5,7.5,Medium,No,Medium
STU_1665,1.0,99.5,72.5,11.0,24.9,7.7,8.9,Medium,No,Medium
STU_1666,1.5,91.1,50.7,8.8,21.3,8.7,7.6,Medium,No,Low
STU_1667,2.5,52.5,39.6,16.8,3.2,8.2,3.3,Medium,No,Low
STU_1668,1.6,95.8,75.6,3.2,25.2,9.0,7.4,Medium,Yes,Medium
STU_1669,1.9,47.0,81.7,0.5,20.1,4.3,1.5,High,Yes,Low
STU_1670,2.9,89.0,52.1,9.0,20.9,8.5,1.3,Medium,No,Medium
STU_1671,1.7,62.8,75.1,4.7,10.9,9.1,3.5,High,No,Low
STU_1672,9.0,92.7,57.7,1.0,26.4,5.7,8.1,Medium,Yes,Medium
STU_1673,0.8,92.1,79.9,14.5,21.8,7.8,2.5,High,No,High
STU_1674,5.2,88.4,43.9,2.2,3.4,5.9,0.6,Medium,Yes,Low
STU_1675,4.1,87.4,92.3,12.2,12.2,9.7,1.3,Medium,Yes,Medium
STU_1676,9.8,58.3,50.1,5.6,26.6,4.2,8.6,Medium,Yes,High
STU_1677,1.1,44.9,55.7,3.5,1.4,7.5,6.3,Medium,Yes,Low
STU_1678,4.0,64.2,34.1,7.6,28.8,5.0,2.5,High,No,Medium
STU_1679,9.7,50.4,37.8,16.0,20.4,8.3,5.6,Low,No,High
STU_1680,8.7,81.7,66.1,7.8,18.9,5.1,5.3,Low,Yes,Medium
STU_1681,8.2,60.8,48.7,15.0,8.1,5.4,6.6,High,Yes,Medium
STU_1682,2.6,98.5,88.5,2.5,7.5,7.0,2.3,Medium,No,Medium
STU_1683,1.7,78.5,31.0,15.5,28.3,9.5,8.6,Medium,Yes,Medium
STU_1684,6.7,89.3,56.5,4.7,8.9,5.3,3.1,Medium,No,Medium
STU_1685,9.3,48.0,53.6,13.5,23.3,4.9,6.9,Low,Yes,Medium
STU_1686,5.6,91.7,31.4,11.3,11.8,8.6,0.2,High,No,Medium
STU_1687,5.7,95.4,38.7,18.6,4.2,7.0,3.7,Medium,Yes,Medium
STU_1688,2.8,69.2,59.0,7.7,0.3,9.5,3.5,Medium,Yes,Low
STU_1689,7.7,76.4,64.5,1.3,16.3,4.9,5.4,Medium,Yes,Medium
STU_1690,1.9,85.9,58.3,0.4,29.3,7.9,0.7,High,Yes,Low
STU_1691,3.2,50.5,67.2,16.5,11.1,5.4,7.9,Low,Yes,Medium
STU_1692,4.3,70.2,71.7,10.5,10.7,4.9,2.2,High,No,Medium
STU_1693,5.1,63.9,30.7,15.5,10.3,8.1,6.8,Medium,Yes,Low
STU_1694,2.4,48.8,62.5,4.7,15.6,7.6,8.0,Medium,Yes,Medium
STU_1695,1.1,62.1,97.4,6.9,13.2,8.5,5.6,High,No,Medium
STU_1696,6.1,44.1,66.3,0.6,26.4,5.9,7.4,Medium,No,High
STU_1697,2.9,41.5,77.4,19.2,15.2,6.7,6.6,Medium,No,Medium
STU_1698,5.8,48.1,51.8,13.4,15.2,6.4,3.6,Medium,No,Medium
STU_1699,1.5,97.8,84.2,18.7,4.2,9.9,8.1,Medium,No,Medium
STU_1700,4.8,73.0,84.1,5.3,29.5,5.8,2.9,Medium,No,Medium
STU_1701,5.3,97.9,66.5,12.2,7.5,5.8,5.7,High,No,Medium
STU_1702,0.5,65.9,98.3,13.6,2.2,6.1,7.5,High,No,Medium
STU_1703,3.4,58.7,38.8,6.4,19.9,7.4,3.8,Medium,Yes,Low
STU_1704,1.3,70.4,31.2,17.0,17.9,5.5,3.0,Medium,Yes,Low
STU_1705,0.6,66.4,83.9,18.9,12.5,9.5,4.6,Low,Yes,Medium
STU_1706,9.9,46.3,86.5,17.7,12.7,5.6,8.2,Low,No,High
STU_1707,3.2,78.4,38.4,14.8,23.6,9.4,9.3,Medium,No,Medium
STU_1708,8.1,53.0,48.6,5.5,5.9,4.6,5.5,High,No,Medium
STU_1709,2.5,77.2,31.2,5.6,24.6,7.9,6.6,Medium,Yes,Low
STU_1710,6.8,79.0,50.5,19.3,19.5,9.4,9.0,High,No,Medium
STU_1711,7.6,49.1,84.1,0.2,12.6,5.0,1.0,Low,No,Medium
STU_1712,6.0,43.7,66.3,14.3,13.7,9.8,2.3,Medium,Yes,Medium
STU_1713,4.7,86.8,54.4,14.1,7.7,6.7,7.1,Low,No,Low
STU_1714,4.1,67.6,56.0,12.5,22.6,9.7,8.2,Medium,Yes,Medium
STU_1715,3.5,43.5,30.1,19.8,15.4,8.1,8.6,Low,No,Low
STU_1716,9.3,99.7,51.0,6.2,9.6,5.8,4.2,High,No,Medium
STU_1717,8.3,43.5,75.3,6.8,17.9,5.1,0.9,Low,No,Medium
STU_1718,9.7,81.7,98.2,1.6,29.9,5.8,4.4,High,No,High
STU_1719,1.2,99.0,89.3,8.9,13.1,4.6,2.3,Medium,No,Medium
STU_1720,7.3,54.4,31.7,5.2,27.6,4.9,2.9,High,No,Medium
STU_1721,9.4,48.5,92.9,6.9,10.4,4.6,7.7,Medium,Yes,High
STU_1722,1.8,47.3,84.8,16.7,1.6,6.5,0.8,High,No,Low
STU_1723,0.7,58.2,84.6,18.7,6.1,8.8,8.3,Low,Yes,Medium
STU_1724,7.4,46.1,62.1,3.7,12.6,4.8,4.3,Medium,Yes,Medium
STU_1725,5.7,81.5,57.9,7.5,6.6,4.8,6.0,High,No,Medium
STU_1726,8.4,43.7,51.2,18.6,0.0,7.9,0.9,Low,No,Medium
STU_1727,1.4,70.6,34.6,1.2,27.5,5.2,3.4,Low,Yes,Low
STU_1728,8.0,99.8,46.0,1.8,25.3,4.6,0.9,Medium,Yes,Medium
STU_1729,2.0,88.8,47.3,3.3,22.3,5.0,9.6,High,Yes,Low
STU_1730,1.6,76.9,63.9,11.9,5.0,9.5,8.1,Medium,Yes,Low
STU_1731,1.6,58.4,82.3,3.0,3.6,8.9,4.6,Medium,Yes,Low
STU_1732,8.1,77.4,63.2,19.4,2.0,6.1,2.2,Low,No,Medium
STU_1733,6.7,71.6,34.0,8.9,21.7,7.9,9.3,Low,Yes,Medium
STU_1734,5.2,65.6,97.0,10.0,27.9,7.2,3.4,High,No,High
STU_1735,3.6,47.8,96.0,4.9,12.9,8.1,1.6,Low,Yes,Medium
STU_1736,8.8,93.2,85.0,9.4,3.6,8.1,5.6,Medium,No,Medium
STU_1737,3.9,67.0,99.4,13.2,15.4,7.8,9.4,High,Yes,High
STU_1738,8.2,51.7,68.1,15.0,10.5,5.6,0.0,Low,Yes,High
STU_1739,4.4,62.1,97.4,15.1,11.2,4.2,2.4,Medium,Yes,Medium
STU_1740,3.8,64.8,35.3,11.6,18.6,6.7,9.4,Low,No,Low
STU_1741,4.6,89.7,55.6,18.1,21.6,9.3,1.7,Medium,No,Medium
STU_1742,3.0,84.0,45.8,16.3,3.3,7.4,1.1,Low,Yes,Low
STU_1743,7.5,86.2,43.7,15.1,1.1,9.0,5.7,Medium,Yes,Medium
STU_1744,5.0,40.7,39.9,1.1,29.8,9.9,8.6,Medium,Yes,Medium
STU_1745,2.3,65.0,73.6,0.1,7.0,5.0,4.8,Medium,No,Low
STU_1746,9.0,68.9,84.7,4.2,1.6,8.2,9.9,Medium,No,Medium
STU_1747,,41.2,70.5,13.3,5.7,8.0,6.8,Low,Yes,Medium
STU_1748,5.4,55.6,40.3,8.2,1.2,9.9,0.7,Medium,Yes,Low
STU_1749,9.1,85.6,86.8,8.0,11.8,9.9,9.9,Medium,Yes,High
STU_1750,6.2,48.2,74.5,17.7,24.1,8.1,,Medium,Yes,High
STU_1751,1.2,72.1,57.2,17.9,10.2,5.5,2.9,Low,No,Low
STU_1752,9.4,52.9,77.2,18.2,13.3,8.8,5.6,Medium,Yes,High
STU_1753,6.3,40.7,48.2,6.3,20.3,4.6,3.0,Low,Yes,Medium
STU_1754,3.3,54.5,54.2,13.8,15.3,8.7,0.9,Medium,Yes,Low
STU_1755,1.4,98.6,94.2,5.4,25.8,9.5,0.0,Low,No,Medium
STU_1756,7.9,88.1,50.3,3.8,26.0,6.3,4.5,Medium,No,Medium
STU_1757,6.2,97.6,62.9,3.7,0.3,7.8,8.4,Medium,Yes,Medium
STU_1758,5.3,69.3,92.3,6.8,23.3,6.6,5.7,High,Yes,High
STU_1759,8.9,46.6,79.5,8.6,13.8,6.6,10.0,High,Yes,Medium
STU_1760,7.9,72.9,34.4,16.6,29.7,5.9,2.9,Low,No,Medium
STU_1761,1.5,67.3,40.3,2.4,14.5,8.6,2.8,Medium,Yes,Low
STU_1762,3.1,90.7,30.5,14.7,29.6,9.6,1.6,Low,No,Medium
STU_1763,2.5,45.9,74.2,10.6,22.6,9.6,1.6,Medium,No,Medium
STU_1764,7.4,69.3,61.3,5.8,7.5,5.0,2.9,Medium,No,Medium
STU_1765,0.3,49.0,39.4,9.9,16.2,9.2,7.9,Medium,Yes,Low
STU_1766,5.7,59.5,97.1,6.0,29.8,8.4,9.1,Medium,No,High
STU_1767,7.6,84.2,67.1,11.9,25.7,5.5,9.8,Medium,No,Medium
STU_1768,8.8,68.6,46.9,8.7,2.9,4.4,2.3,Medium,Yes,Low
STU_1769,3.4,62.6,65.0,3.3,21.2,5.6,8.8,Low,Yes,Low
STU_1770,8.2,63.7,77.6,2.3,10.4,9.5,3.3,Medium,Yes,Medium
STU_1771,1.1,67.6,35.3,10.9,0.2,7.8,1.1,Medium,Yes,Low
STU_1772,8.5,87.1,49.2,18.0,12.1,8.3,8.7,Medium,Yes,Medium
STU_1773,1.3,93.5,86.5,6.9,7.0,5.5,6.4,Low,No,Medium
STU_1774,4.0,97.3,62.2,14.7,24.6,8.3,1.6,Medium,Yes,Medium
STU_1775,8.0,87.2,68.3,13.2,10.1,4.2,4.3,Medium,No,Medium
STU_1776,1.5,58.9,60.3,18.6,24.8,6.3,2.9,Low,Yes,Medium
STU_1777,2.3,81.3,33.1,16.4,0.0,7.8,7.4,Medium,No,Low
STU_1778,7.2,66.3,41.6,11.3,9.2,4.9,4.5,High,Yes,Low
STU_1779,7.2,55.3,61.2,13.1,7.2,8.9,9.9,High,No,Medium
STU_1780,6.4,90.5,44.6,18.0,7.0,5.4,0.5,Medium,Yes,Medium
STU_1781,6.9,42.3,33.5,8.0,2.0,7.9,3.6,Medium,Yes,Low
STU_1782,5.4,94.1,89.1,6.5,5.6,6.4,4.8,Low,No,Medium
STU_1783,2.5,67.7,98.7,0.2,16.7,7.6,5.0,High,Yes,Medium
STU_1784,3.5,78.2,85.5,16.5,8.7,4.6,3.2,Low,No,High
STU_1785,1.8,79.6,89.8,16.0,12.5,4.1,7.3,High,No,High
STU_1786,9.1,93.7,46.9,2.1,11.3,9.5,8.7,Medium,No,Medium
STU_1787,5.8,78.2,97.2,11.5,26.3,5.6,9.4,Medium,No,High
STU_1788,4.0,76.8,43.8,9.3,27.2,8.9,8.1,High,No,Medium
STU_1789,4.6,44.0,96.6,2.4,14.8,10.0,8.5,Low,Yes,Medium
STU_1790,9.5,71.1,99.6,19.6,9.9,5.3,5.5,Medium,No,High
STU_1791,1.5,49.0,79.8,4.3,3.2,5.6,8.3,Medium,No,Low
STU_1792,5.9,84.2,98.7,1.3,28.6,8.0,3.0,Low,Yes,High
STU_1793,5.1,70.7,69.9,11.9,1.8,9.8,4.0,Medium,Yes,Low
STU_1794,6.1,80.8,48.2,14.8,8.9,9.5,3.2,Medium,No,Medium
STU_1795,0.2,42.5,60.6,0.6,8.9,7.0,4.7,Medium,Yes,Low
STU_1796,8.7,45.1,71.5,13.2,9.6,8.8,2.9,Low,Yes,Medium
STU_1797,9.3,83.0,35.1,10.6,4.9,4.8,9.6,High,Yes,Medium
STU_1798,5.7,44.3,73.6,2.1,23.5,9.9,3.1,Low,No,Medium
STU_1799,7.0,44.3,98.7,3.5,3.7,9.8,1.0,Low,Yes,Medium
STU_1800,9.2,40.7,43.3,11.4,19.0,5.0,5.3,Medium,No,Medium
STU_1801,7.1,97.4,85.5,5.9,3.7,5.8,0.6,Low,No,Medium
STU_1802,1.5,84.3,93.6,18.8,2.1,4.6,1.1,Low,Yes,Medium
STU_1803,5.8,61.2,96.1,16.4,27.3,5.6,2.2,High,No,High
STU_1804,6.1,57.8,97.2,19.7,5.7,8.9,4.6,Medium,No,High
STU_1805,4.2,61.0,66.5,5.2,24.6,6.3,4.3,Low,No,Medium
STU_1806,7.4,86.5,98.4,19.4,16.3,4.5,8.0,Low,No,High
STU_1807,9.3,79.7,83.0,8.6,2.3,6.1,7.4,Medium,Yes,Medium
STU_1808,9.3,51.1,41.3,7.0,28.7,9.9,4.3,High,No,Medium
STU_1809,4.5,50.4,63.4,1.0,7.4,7.8,3.3,Medium,Yes,Medium
STU_1810,1.1,45.9,80.3,1.1,25.8,6.5,3.2,Low,Yes,Medium
STU_1811,9.8,79.6,47.3,13.8,5.1,5.0,7.7,Low,Yes,Medium
STU_1812,8.4,85.9,74.8,9.2,25.6,9.9,0.5,Low,Yes,High
STU_1813,1.2,55.9,76.7,4.5,0.4,8.9,0.1,Low,No,Low
STU_1814,9.2,41.3,41.4,12.3,15.4,5.7,8.0,Medium,Yes,Medium
STU_1815,8.7,44.9,69.6,5.1,23.1,4.4,4.8,Low,No,Medium
STU_1816,5.2,98.1,84.0,11.6,28.0,4.3,1.3,Medium,No,Medium
STU_1817,5.9,57.7,64.9,7.2,27.3,4.7,2.4,Medium,No,High
STU_1818,4.0,86.2,30.8,16.5,24.6,7.5,9.3,High,Yes,Medium
STU_1819,0.5,77.5,30.6,16.4,26.6,9.6,8.6,High,No,Low
STU_1820,3.4,62.9,55.0,9.5,6.0,7.0,7.1,Medium,Yes,Low
STU_1821,8.0,52.3,94.8,7.0,8.5,9.1,4.8,Medium,Yes,High
STU_1822,0.0,47.3,46.0,7.3,8.7,6.7,5.2,Medium,No,Low
STU_1823,3.3,76.9,74.4,16.1,11.3,8.3,9.8,Medium,Yes,Medium
STU_1824,4.0,86.5,45.5,6.6,11.8,8.4,9.7,Medium,Yes,Medium
STU_1825,5.4,78.6,52.5,4.2,16.3,5.0,2.2,Medium,No,Medium
STU_1826,9.2,71.8,89.4,1.7,4.8,6.2,8.1,High,Yes,Medium
STU_1827,3.5,42.5,81.0,9.3,20.7,7.8,2.0,High,No,Medium
STU_1828,3.5,98.1,36.7,9.6,5.0,4.4,2.1,Medium,,Low
STU_1829,7.4,87.9,60.0,16.8,9.3,6.2,6.8,Medium,Yes,Medium
STU_1830,4.5,57.6,32.0,4.4,15.1,7.2,4.1,Low,Yes,Low
STU_1831,2.2,98.8,63.7,7.6,23.9,10.0,9.3,Low,Yes,Medium
STU_1832,4.5,76.1,76.4,16.2,22.2,6.8,0.9,Medium,Yes,High
STU_1833,1.4,74.9,38.3,16.5,19.4,8.9,5.1,Low,No,Medium
STU_1834,1.8,84.9,50.2,7.7,4.7,6.6,9.2,High,No,Low
STU_1835,5.0,88.7,57.8,9.2,16.4,8.8,9.0,Low,No,Low
STU_1836,4.2,79.4,94.4,6.1,2.6,7.6,1.6,Medium,Yes,Medium
STU_1837,9.1,47.7,99.5,18.7,11.3,9.3,3.7,Medium,No,High
STU_1838,3.6,60.3,33.1,2.4,12.4,6.5,6.2,Medium,No,Low
STU_1839,5.8,95.7,83.3,18.7,1.2,7.6,1.6,Medium,No,Medium
STU_1840,6.3,53.5,56.0,13.7,8.2,7.8,9.7,High,Yes,Medium
STU_1841,0.1,62.3,57.5,10.6,28.7,6.5,9.1,Medium,No,Medium
STU_1842,6.6,65.9,82.8,0.7,28.6,4.9,1.7,Medium,No,Medium
STU_1843,1.8,66.4,94.3,9.5,10.6,4.6,1.2,Low,Yes,Medium
STU_1844,9.6,76.8,96.6,8.2,1.3,4.1,0.9,Medium,No,High
STU_1845,1.5,96.6,70.4,3.2,5.4,9.2,9.1,High,Yes,Low
STU_1846,4.1,54.4,55.0,13.1,11.8,5.4,1.9,Medium,No,Medium
STU_1847,0.9,47.3,85.1,19.4,28.4,5.3,4.2,High,No,Medium
STU_1848,10.0,51.8,47.6,11.2,4.2,8.4,4.5,Medium,No,Medium
STU_1849,5.0,93.2,69.5,14.3,22.9,5.9,6.0,Low,Yes,Medium
STU_1850,6.0,78.7,55.1,1.4,3.3,7.0,0.7,Low,Yes,Medium
STU_1851,0.7,57.2,76.0,8.4,29.4,5.0,2.3,Medium,No,Medium
STU_1852,7.5,89.0,46.8,2.3,11.4,9.8,9.3,Medium,No,Medium
STU_1853,2.1,91.7,43.4,12.3,23.3,9.1,9.1,High,Yes,Low
STU_1854,9.0,90.8,94.3,18.8,10.3,9.2,7.8,Medium,No,High
STU_1855,2.1,95.1,37.1,13.2,18.8,6.4,0.2,Medium,No,Low
STU_1856,1.9,55.1,65.4,1.5,5.8,8.6,3.3,Medium,Yes,Low
STU_1857,0.4,85.3,45.5,7.1,4.4,4.9,6.3,Medium,Yes,Low
STU_1858,4.7,67.6,32.7,11.0,28.1,4.1,2.8,Low,Yes,Low
STU_1859,5.6,90.5,32.5,8.1,27.5,4.1,9.1,Low,No,Medium
STU_1860,0.7,83.7,42.3,16.7,26.6,7.5,6.3,Low,No,Medium
STU_1861,7.8,86.6,90.7,16.3,18.8,6.7,0.7,Low,No,High
STU_1862,4.5,79.4,49.8,12.2,24.2,7.1,9.1,Low,No,Medium
STU_1863,5.2,50.6,96.5,7.5,2.1,4.0,9.6,Low,No,Low
STU_1864,4.4,72.7,70.7,5.1,10.0,6.5,0.8,Medium,No,Medium
STU_1865,4.0,99.1,60.6,2.1,9.4,8.3,5.3,Medium,Yes,Low
STU_1866,5.6,96.2,70.6,7.1,19.1,6.7,3.0,High,No,Medium
STU_1867,1.6,42.6,66.2,8.3,10.7,8.4,3.9,Low,Yes,Medium
STU_1868,1.8,49.9,83.1,13.5,4.5,5.4,1.8,Medium,No,Medium
STU_1869,8.6,47.9,49.8,13.2,17.9,8.9,5.8,Medium,No,Medium
STU_1870,9.5,83.6,54.7,1.4,24.4,7.5,9.6,Low,Yes,High
STU_1871,3.7,89.1,92.6,7.9,11.5,5.3,5.0,High,No,Medium
STU_1872,2.7,52.8,96.3,3.6,4.0,5.4,0.8,Low,Yes,Low
STU_1873,6.4,70.4,92.5,,5.9,7.8,6.2,High,No,Medium
STU_1874,4.1,90.4,59.4,16.5,7.1,9.0,3.4,High,Yes,Medium
STU_1875,0.3,84.0,84.6,0.8,9.0,6.5,8.6,Medium,No,Low
STU_1876,1.6,72.5,63.3,8.4,19.3,5.5,4.3,Medium,Yes,Medium
STU_1877,7.2,75.4,64.8,3.4,18.0,9.2,1.9,Medium,Yes,Medium
STU_1878,6.6,70.5,44.3,17.6,20.9,8.0,1.9,Medium,Yes,Medium
STU_1879,0.3,57.9,71.4,11.1,10.9,6.7,7.7,Medium,Yes,Medium
STU_1880,2.2,73.9,43.0,4.6,24.7,6.9,2.7,Low,Yes,Low
STU_1881,2.3,81.3,53.2,10.0,6.1,5.2,7.7,Low,No,Low
STU_1882,6.7,92.4,89.9,14.6,14.1,7.8,2.1,Medium,Yes,High
STU_1883,0.2,78.2,44.5,19.2,24.0,6.2,3.2,Medium,Yes,Medium
STU_1884,1.0,85.7,35.0,4.4,5.4,10.0,4.7,High,Yes,Low
STU_1885,8.0,49.6,34.8,17.7,3.3,6.9,9.4,Low,No,Low
STU_1886,1.8,67.7,95.9,18.7,26.5,6.9,9.3,High,No,High
STU_1887,6.5,40.6,65.5,18.3,10.3,7.4,2.1,Low,No,Medium
STU_1888,2.4,54.8,58.7,12.7,20.5,9.5,3.6,Medium,No,Medium
STU_1889,1.0,83.6,86.8,12.6,0.8,8.8,1.5,Medium,Yes,Low
STU_1890,2.4,99.5,88.5,8.1,20.7,6.7,5.1,Medium,Yes,Medium
STU_1891,7.2,46.0,53.3,15.0,9.5,8.3,4.6,Low,Yes,Medium
STU_1892,8.6,64.1,78.6,10.6,1.7,7.5,9.0,Medium,No,Medium
STU_1893,8.3,88.0,84.0,13.5,18.3,7.0,9.3,High,No,High
STU_1894,4.0,52.2,75.8,8.6,7.2,5.2,3.8,Medium,No,Low
STU_1895,6.7,73.3,40.6,14.6,11.6,6.8,4.9,Medium,Yes,Medium
STU_1896,2.0,,91.3,16.5,2.4,5.5,9.0,High,Yes,Medium
STU_1897,2.9,77.0,67.7,2.9,4.4,9.5,8.1,Medium,Yes,Low
STU_1898,9.0,51.3,49.8,16.7,8.9,6.0,0.0,Medium,No,Medium
STU_1899,0.1,61.3,59.8,10.8,2.7,9.7,3.2,Medium,Yes,Low
STU_1900,0.9,87.0,32.6,16.9,27.3,7.2,4.2,High,No,Medium
STU_1901,2.1,73.3,39.0,8.6,0.2,7.8,2.3,Medium,Yes,Low
STU_1902,0.3,40.3,83.6,7.6,14.5,7.3,2.0,Low,No,Medium
STU_1903,1.8,85.7,30.0,18.3,3.7,4.8,0.4,Medium,No,Low
STU_1904,5.8,42.1,59.2,5.0,9.2,6.3,6.4,High,No,Medium
STU_1905,4.2,84.7,66.6,16.9,27.8,4.6,2.6,Low,No,High
STU_1906,8.9,52.1,33.8,9.7,4.9,7.7,0.5,High,No,Medium
STU_1907,8.2,97.5,98.1,10.3,29.0,6.7,2.3,Low,No,High
STU_1908,3.4,62.1,45.8,6.2,6.2,8.7,8.0,High,No,Medium
STU_1909,2.6,59.6,51.3,11.5,22.2,5.3,8.5,Medium,No,Medium
STU_1910,3.8,48.9,51.3,6.5,16.4,5.0,4.8,Medium,No,Low
STU_1911,5.9,58.3,46.1,0.8,26.5,6.4,4.2,High,No,Medium
STU_1912,2.7,92.6,30.1,5.4,16.6,9.6,9.8,Medium,No,Medium
STU_1913,6.2,99.8,81.1,0.1,16.0,8.3,2.0,Medium,No,Medium
STU_1914,4.1,62.1,97.7,19.6,5.9,6.5,2.2,Low,Yes,Medium
STU_1915,5.5,66.9,45.7,19.3,5.0,7.1,2.9,Low,Yes,Medium
STU_1916,4.4,83.3,76.4,7.9,27.5,4.5,1.7,Low,No,High
STU_1917,2.9,93.2,81.9,14.6,9.8,9.9,3.8,Medium,No,Medium
STU_1918,9.5,75.6,89.4,6.9,11.2,8.0,9.1,Low,No,High
STU_1919,7.6,63.5,59.6,13.4,22.8,5.7,6.2,Low,Yes,Medium
STU_1920,1.4,64.8,51.2,16.1,10.2,7.5,4.1,Medium,No,Medium
STU_1921,8.7,81.7,52.8,18.9,28.6,4.7,9.3,Medium,No,High
STU_1922,4.9,40.2,79.9,8.0,22.1,9.8,0.5,Medium,Yes,Medium
STU_1923,8.9,77.2,87.2,15.7,17.9,5.0,2.1,Low,No,High
STU_1924,8.0,61.3,42.7,5.3,26.4,7.9,5.7,Low,No,Medium
STU_1925,4.3,87.7,56.0,19.8,1.5,5.5,6.2,High,Yes,Medium
STU_1926,0.2,45.6,93.1,0.5,7.7,8.3,0.4,Medium,No,Low
STU_1927,2.7,75.3,86.5,12.1,14.0,8.7,4.0,High,No,Medium
STU_1928,5.4,68.9,98.9,13.2,6.8,8.0,6.5,High,Yes,High
STU_1929,6.3,78.5,82.8,13.8,22.3,7.7,7.0,High,Yes,High
STU_1930,2.6,43.9,57.5,2.4,27.6,9.4,6.4,Low,No,Low
STU_1931,1.4,74.8,71.3,18.8,12.7,4.5,3.2,High,Yes,High
STU_1932,8.3,73.7,76.3,3.6,10.3,6.0,0.9,High,Yes,High
STU_1933,9.8,73.6,35.5,12.5,28.8,5.5,4.3,Medium,Yes,Medium
STU_1934,5.3,76.2,68.1,4.5,13.3,9.9,1.3,Medium,No,Medium
STU_1935,1.7,80.6,79.7,6.1,14.7,6.3,9.5,Medium,No,Low
STU_1936,2.7,88.3,41.7,10.9,10.5,8.4,4.8,Low,No,Low
STU_1937,0.2,56.2,84.6,8.3,27.3,8.1,3.2,Medium,Yes,Low
STU_1938,9.1,89.5,70.9,3.2,17.1,5.3,7.7,Medium,No,Medium
STU_1939,1.2,69.9,96.7,3.4,22.9,5.4,5.0,Medium,Yes,Medium
STU_1940,5.8,44.6,33.0,8.4,24.4,5.7,3.1,Medium,Yes,Medium
STU_1941,2.7,43.5,48.6,15.1,10.3,6.5,8.1,Medium,No,Low
STU_1942,5.5,60.1,72.1,18.0,13.0,5.4,8.7,Medium,Yes,Medium
STU_1943,6.5,87.1,50.8,1.7,25.5,4.1,6.7,High,No,Medium
STU_1944,8.3,82.5,80.0,7.9,10.9,9.3,0.5,Low,No,High
STU_1945,2.1,87.3,83.1,2.0,23.8,9.8,5.7,Medium,Yes,Medium
STU_1946,0.1,71.0,37.2,0.3,28.2,6.0,7.6,Low,No,Low
STU_1947,1.4,66.4,66.0,13.2,18.7,6.0,1.4,Medium,No,Medium
STU_1948,9.0,48.8,65.6,12.0,22.2,4.0,2.3,Medium,No,High
STU_1949,8.7,59.7,55.8,3.3,24.2,8.1,8.8,High,Yes,Medium
STU_1950,6.0,66.0,95.3,4.7,25.4,9.0,0.2,Medium,No,Medium
STU_1951,6.0,45.3,87.9,0.5,11.9,4.9,7.5,High,Yes,Medium
STU_1952,6.7,53.2,78.8,16.7,1.5,5.0,4.7,Low,No,High
STU_1953,1.8,75.9,80.0,19.5,12.1,8.7,4.5,Medium,Yes,Medium
STU_1954,9.1,84.1,62.3,2.7,20.2,7.7,0.1,Low,No,Medium
STU_1955,4.2,99.9,94.5,4.6,13.5,4.3,8.2,High,Yes,Medium
STU_1956,3.8,96.0,78.6,17.4,22.5,7.7,3.6,Medium,Yes,High
STU_1957,5.2,78.6,81.0,18.5,10.7,5.9,5.4,Medium,No,High
STU_1958,0.5,65.3,90.3,8.4,19.0,6.2,6.8,High,No,Medium
STU_1959,1.7,78.2,49.2,1.0,5.6,8.6,7.0,Low,No,Low
STU_1960,7.4,87.1,86.5,0.8,22.5,8.9,9.6,Low,No,Medium
STU_1961,0.8,47.1,43.7,11.5,16.4,6.4,5.3,High,Yes,Low
STU_1962,6.0,64.6,54.2,7.9,6.1,9.7,4.0,Medium,No,Medium
STU_1963,2.5,90.4,53.5,0.6,8.8,6.4,9.5,Low,No,Low
STU_1964,3.9,63.0,98.5,11.7,22.5,8.6,6.4,Medium,Yes,Medium
STU_1965,2.9,74.3,90.0,0.2,,6.9,3.0,Medium,No,Medium
STU_1966,3.6,75.3,79.1,15.7,6.5,9.4,1.3,Low,No,Medium
STU_1967,7.2,51.1,80.9,6.1,29.0,9.4,8.4,Medium,No,Medium
STU_1968,3.0,61.7,69.3,0.8,21.5,4.5,3.6,Low,No,Medium
STU_1969,5.7,60.1,96.3,11.8,28.7,9.6,6.6,Medium,No,High
STU_1970,4.8,41.6,64.7,8.0,12.8,9.0,4.7,High,Yes,Medium
STU_1971,6.6,41.5,56.6,19.5,14.3,8.7,2.0,High,Yes,Medium
STU_1972,9.4,89.9,41.4,10.9,26.9,5.2,6.0,Medium,No,Medium
STU_1973,7.3,56.4,85.0,5.5,15.8,8.8,0.6,Low,Yes,Medium
STU_1974,2.1,71.1,81.4,14.2,21.2,9.1,4.1,High,Yes,Medium
STU_1975,0.3,57.9,56.9,5.4,7.6,5.7,5.5,Medium,Yes,Low
STU_1976,2.6,96.4,31.8,18.1,13.4,9.7,4.4,Low,No,Medium
STU_1977,6.0,55.6,88.7,7.5,3.7,4.3,7.5,High,Yes,Medium
STU_1978,0.5,65.8,30.8,11.0,6.2,4.9,8.3,High,No,Low
STU_1979,5.0,92.4,79.3,1.0,0.0,7.2,7.7,Medium,No,Medium
STU_1980,6.0,90.5,97.9,8.5,1.2,7.5,0.4,Medium,Yes,Medium
STU_1981,3.3,51.2,60.6,16.6,29.3,7.9,1.9,Low,No,Medium
STU_1982,7.7,88.2,46.4,16.1,7.3,4.1,5.4,Low,No,Medium
STU_1983,1.1,67.5,79.3,4.5,19.9,9.8,9.3,Medium,No,Medium
STU_1984,0.8,69.0,87.2,4.5,25.2,4.3,8.3,Low,No,Medium
STU_1985,7.3,48.0,68.3,16.3,16.5,4.9,8.4,Medium,Yes,Medium
STU_1986,5.0,44.8,97.7,18.6,4.6,4.1,3.0,High,No,Medium
STU_1987,6.9,83.7,33.6,1.9,21.8,7.4,4.3,High,Yes,Low
STU_1988,4.3,69.8,65.3,9.0,18.0,9.6,4.7,Medium,No,Medium
STU_1989,2.5,66.2,80.3,6.7,21.9,8.0,1.6,High,No,Medium
STU_1990,8.2,83.8,90.4,17.4,23.1,8.9,0.3,High,No,High
STU_1991,8.0,85.9,42.5,1.7,29.3,4.1,9.5,Medium,Yes,Medium
STU_1992,6.9,49.5,86.0,4.2,17.2,7.3,2.4,Low,Yes,High
STU_1993,2.7,76.6,68.7,15.0,10.2,6.8,2.4,,Yes,Medium
STU_1994,5.9,48.1,57.8,1.0,19.5,7.0,0.8,Medium,No,Medium
STU_1995,3.6,85.1,39.2,9.9,2.1,4.4,9.3,Low,Yes,Low
STU_1996,0.9,79.4,90.6,8.8,26.9,8.1,5.8,Medium,No,Medium
STU_1997,9.2,97.4,41.0,6.7,3.6,7.0,6.7,Low,Yes,Low
STU_1998,1.4,44.1,51.7,7.9,9.8,8.6,9.1,Medium,No,Low
STU_1999,9.5,43.4,50.3,10.6,24.5,6.9,3.5,High,Yes,Medium
STU_2000,4.5,56.9,91.0,3.2,17.9,4.9,6.2,Low,No,Medium
STU_1864,4.4,72.7,70.7,5.1,10.0,6.5,0.8,Medium,No,Medium
STU_1170,5.9,57.2,52.8,8.2,2.9,8.6,1.4,Low,Yes,Medium
STU_1516,0.3,40.5,94.8,18.8,12.2,8.7,2.3,High,Yes,Medium
STU_1434,1.0,80.0,50.2,8.8,27.7,4.4,5.2,Low,No,Low
STU_1445,8.1,92.1,60.8,19.6,12.3,4.4,6.0,Medium,Yes,High
STU_1975,0.3,57.9,56.9,5.4,7.6,5.7,5.5,Medium,Yes,Low
STU_1854,9.0,90.8,94.3,18.8,10.3,9.2,7.8,Medium,No,High
STU_1467,2.9,98.6,57.7,9.1,4.0,8.7,5.4,High,Yes,Medium
STU_1065,2.8,65.3,33.6,13.0,26.0,8.4,2.4,Low,No,Low
STU_1961,0.8,47.1,43.7,11.5,16.4,6.4,5.3,High,Yes,Low
